title,url,content,publisher,source,date
"Heavy snowfall hits residential area in Lake View, New York",https://www.reuters.com/video/watch/idRW690413122024RP1/,8 hours ago ... Climate change could delay monarch butterflies ... Airplane fuselages await shipment at Spirit AeroSystems headquarters in Wichita.,www.reuters.com,www.reuters.com,Unknown date
"Americans are sour on tariffs if they spark inflation, Reuters/Ipsos ...",https://www.reuters.com/world/us/americans-are-sour-tariffs-if-they-spark-inflation-reutersipsos-poll-finds-2024-12-13/,3 hours ago ... Shipping containers at Pier J at the Port of Long ... Georgian opposition supporters protest against government's EU application delay.,www.reuters.com,www.reuters.com,Unknown date
Kyiv ready to supply food to Syria as Russia supplies suspended ...,https://www.reuters.com/world/kyiv-ready-supply-food-syria-russia-supplies-suspended-2024-12-13/,"28 minutes ago ... Ukraine, a global producer and exporter of grain and oilseeds, is ready to supply food to Syria following the fall of Bashar al-Assad, ...",www.reuters.com,www.reuters.com,Unknown date
China says US politicians need to be more rational after senator's ...,https://www.reuters.com/world/asia-pacific/china-says-us-politicians-need-be-more-rational-after-senators-call-garlic-probe-2024-12-13/,"5 hours ago ... Any punitive action on Chinese garlic alone is unlikely to rock overall bilateral trade, with shipments ... All quotes delayed a minimum of 15 ...",www.reuters.com,www.reuters.com,Unknown date
"Trump tariffs endanger struggling US trucking industry, experts say ...",https://www.reuters.com/business/autos-transportation/trump-tariffs-could-intensify-us-trucking-industry-slump-experts-say-2024-12-13/,"3 hours ago ... Less demand equals less freight,"" said Jason Miller, interim chair of the department of supply-chain management at Michigan State University's ...",www.reuters.com,www.reuters.com,Unknown date
Trump backs ILA on automation concerns | Supply Chain Dive,https://www.supplychaindive.com/news/trump-meet-ila-president-harold-daggett-automation/735476/,"13 hours ago ... Days of a port strike could mean weeks of manufacturing delays ... Dockworkers move cargo on a container terminal. Sep 19, 2024. 'One ...",www.supplychaindive.com,www.supplychaindive.com,Unknown date
Authorities to attempt to reopen Mosel river in Germany to shipping ...,https://www.reuters.com/world/europe/authorities-attempt-reopen-mosel-river-germany-shipping-2024-12-13/,"5 hours ago ... About 70 ships are blocked on the river, which is also an important route for supply shipments to the metal industry. European rapeseed futures ...",www.reuters.com,www.reuters.com,Unknown date
China's CATL offers suppliers financial support to drive battery ...,https://www.reuters.com/business/energy/chinas-catl-offers-suppliers-financial-support-drive-battery-innovation-2024-12-13/,7 hours ago ... CATL Chairman Robin Zeng told Reuters in an interview in November that he recognised the importance of a profitable supply chain with every ...,www.reuters.com,www.reuters.com,Unknown date
Exclusive: Russian grain exports to Syria suspended due to ...,https://www.reuters.com/markets/commodities/russian-grain-exports-syria-suspended-due-uncertainty-about-future-sources-say-2024-12-13/,"1 hour ago ... ... delays, Russian and Syrian sources said on Friday. Shipping data showed two vessels carrying Russia wheat intended for Syria had not reached ...",www.reuters.com,www.reuters.com,Unknown date
Trump signals support for US dockworkers in stalled labor talks ...,https://www.reuters.com/world/us/trump-says-automation-causes-more-harm-longshoremen-than-its-worth-2024-12-12/,"12 hours ago ... Employers, which include the U.S. operations of Switzerland's Mediterranean Shipping ... All quotes delayed a minimum of 15 minutes. See here for ...",www.reuters.com,www.reuters.com,Unknown date
CNN Business Briefing | CNN Business,https://www.cnn.com/business/cnn-business-briefing,"15 hours ago ... Shipping containers and gantry cranes are seen at Qingdao port in Qingdao, in ... delay quarterly earnings due to employee hiding up to $154 million in ...",www.cnn.com,www.cnn.com,Unknown date
Exclusive: Russian grain exports to Syria suspended due to ...,https://www.reuters.com/markets/commodities/russian-grain-exports-syria-suspended-due-uncertainty-2024-12-13/,"4 minutes ago ... ... delays, Russian and Syrian sources said on Friday, while two vessels ... Shipping data shows one vessel, the Mikhail Nenashev, is ...",www.reuters.com,www.reuters.com,Unknown date
"India's rice stocks surge to record high, boosting export prospects ...",https://www.reuters.com/world/india/indias-rice-stocks-surge-record-high-boosting-export-prospects-2024-12-13/,2 hours ago ... ... the government's target and potentially boosting overseas shipments from the world's biggest exporter of the staple food.,www.reuters.com,www.reuters.com,Unknown date
Untitled,https://www.reuters.com/info-pages/transcript/fb355696-b92d-11ef-9c14-4b85cd0de24e,"4 hours ago ... Since the civil war in Sudan began in April of 2023, dozens of cargo planes from the United Arab Emirates have landed on a small airstrip in ...",www.reuters.com,www.reuters.com,Unknown date
UAE to cut oil shipments amid OPEC+ push for quota discipline ...,https://www.reuters.com/markets/commodities/uae-cut-oil-shipments-amid-opec-push-quota-discipline-bloomberg-news-reports-2024-12-13/,"27 minutes ago ... The United Arab Emirates plans to reduce oil shipments early next year, amid the OPEC+ group's push to seek stronger discipline in meeting ...",www.reuters.com,www.reuters.com,Unknown date
US import prices barely rise in November | Reuters,https://www.reuters.com/markets/us/us-import-prices-barely-rise-november-2024-12-13/,1 hour ago ... Docked cargo ships are loaded with shipping containers at Port ... All quotes delayed a minimum of 15 minutes. See here for a complete ...,www.reuters.com,www.reuters.com,Unknown date
"Saudi crude oil supply to China to rebound in Jan vs Dec, sources ...",https://www.reuters.com/markets/commodities/saudi-crude-oil-supply-china-rebound-jan-vs-dec-sources-say-2024-12-12/,1 day ago ... The increased Saudi shipments followed tighter supplies and ... All quotes delayed a minimum of 15 minutes. See here for a complete ...,www.reuters.com,www.reuters.com,Unknown date
Inside Boeing's struggle to make its best-selling plane again | Reuters,https://www.reuters.com/business/aerospace-defense/inside-boeings-struggle-make-its-best-selling-plane-again-2024-12-12/,"20 hours ago ... Both Boeing and rival Airbus(AIR.PA) , opens new tab have struggled to meet production goals due to supply chain delays. ... shipment on rail ...",www.reuters.com,www.reuters.com,Unknown date
Supply Chain Logistics News | Supply Chain Dive,https://www.supplychaindive.com/topic/logistics/,2 days ago ... Shipping using Section 321 is not a good idea for every e-commerce company ... The work stoppage is sparking shipping delays and capacity challenges at other ...,www.supplychaindive.com,www.supplychaindive.com,Unknown date
"UK to mostly avoid tariff trouble with the U.S., say economists | Reuters",https://www.reuters.com/world/uk/uk-mostly-avoid-tariff-trouble-with-us-say-economists-2024-12-12/,"1 day ago ... A truck drives past stacked shipping containers at the port of Felixstowe, Britain, October 13, 2021. ... All quotes delayed a minimum of 15 ...",www.reuters.com,www.reuters.com,Unknown date
Moldova declares state of emergency as risk of Russian gas cutoff ...,https://www.reuters.com/business/energy/moldova-declares-state-emergency-risk-russian-gas-cutoff-looms-2024-12-12/,"15 hours ago ... Docked cargo ships are loaded with shipping containers in Port Elizabeth, New Jersey ... All quotes delayed a minimum of 15 minutes. See ...",www.reuters.com,www.reuters.com,Unknown date
Changchun High-Tech Industry Group Co Ltd | Reuters,https://www.reuters.com/company/changchun-high-tech-industry-group-co-ltd/,1 day ago ... Airplane fuselages await shipment at Spirit AeroSystems headquarters in Wichita ... All quotes delayed a minimum of 15 minutes. See here ...,www.reuters.com,www.reuters.com,Unknown date
Boeing to invest $1 billion to help increase 787 production in South ...,https://www.reuters.com/business/aerospace-defense/boeing-increase-787-production-10-per-month-by-2026-2024-12-12/,17 hours ago ... ... delays in getting seats and heat exchangers. Boeing has ... Airplane fuselages await shipment at Spirit AeroSystems headquarters in Wichita.,www.reuters.com,www.reuters.com,Unknown date
Africa News | Latest Top Stories | Reuters,https://www.reuters.com/world/africa/,2 days ago ... Africa · Namibians head back to the polls after voting delays · Court rules Namibia opposition parties can inspect election data · Africacategory · Worldcategory ...,www.reuters.com,www.reuters.com,Unknown date
Digital Transformation's Hidden Challenge: Technical Debt At Scale,https://www.forbes.com/councils/forbestechcouncil/2024/12/12/digital-transformations-hidden-challenge-technical-debt-at-scale/,"1 day ago ... Shyam Alok, Experienced Digital Transformation & PM leader into logistics and supply chain industry. getty. Digital transformation is no ...",www.forbes.com,www.forbes.com,Unknown date
"FTC revives price discrimination law, sues alcohol distributor | Reuters",https://www.reuters.com/business/retail-consumer/ftc-revives-price-discrimination-law-sues-alcohol-distributor-2024-12-12/,"17 hours ago ... The law has a few exceptions, such as when shipping costs are higher for one customer than another. ... All quotes delayed a minimum of 15 minutes ...",www.reuters.com,www.reuters.com,Unknown date
Petrobras signs $2.8 billion deal for 12 new vessels to supply ...,https://www.reuters.com/business/energy/petrobras-signs-28-billion-deal-12-new-vessels-supply-offshore-platforms-2024-12-12/,"23 hours ago ... Docked cargo ships are loaded with shipping containers in Port Elizabeth, New Jersey ... All quotes delayed a minimum of 15 minutes. See ...",www.reuters.com,www.reuters.com,Unknown date
"Exclusive: Rosneft, Reliance agree biggest ever India-Russia oil ...",https://www.reuters.com/business/energy/rosneft-reliance-agree-biggest-ever-india-russia-oil-supply-deal-sources-say-2024-12-12/,1 day ago ... Russia's state oil firm Rosneft has agreed to supply nearly 500000 barrels per day (bpd) of crude to Indian private refiner Reliance in the ...,www.reuters.com,www.reuters.com,Unknown date
Bolivia extradites former anti-drugs chief to face trafficking charges ...,https://www.reuters.com/world/americas/bolivia-extradites-former-anti-drugs-chief-face-trafficking-charges-2024-12-12/,"23 hours ago ... ... shipments,"" the U.S. attorney for the Southern District of New York ... All quotes delayed a minimum of 15 minutes. See here for a ...",www.reuters.com,www.reuters.com,Unknown date
"Hungary, Slovakia seek to overcome US sanctions impact on ...",https://www.reuters.com/world/europe/hungary-slovakia-seek-overcome-us-sanctions-impact-russian-gas-payments-2024-12-11/,"2 days ago ... Failure to pay could prompt Gazprom to suspend shipments, the source said. ... All quotes delayed a minimum of 15 minutes. See here for a complete ...",www.reuters.com,www.reuters.com,Unknown date
TUI growth in 2025 set to slow on one-off costs even as 2024 profit ...,https://www.reuters.com/business/tui-sees-further-uptick-package-holidays-after-strong-year-2024-12-11/,2 days ago ... Airplane fuselages await shipment at Spirit AeroSystems headquarters in Wichita ... All quotes delayed a minimum of 15 minutes. See here ...,www.reuters.com,www.reuters.com,Unknown date
"Exclusive: Trump tariff plan puts $3 billion in Diageo, Becle tequila ...",https://www.reuters.com/business/retail-consumer/trump-tariff-plan-puts-3-bln-diageo-becle-tequila-imports-risk-2024-12-11/,2 days ago ... Diageo subsidiaries shipped over 25 million litres of tequila from ... All quotes delayed a minimum of 15 minutes. See here for a ...,www.reuters.com,www.reuters.com,Unknown date
US importers set to accelerate shipments to record levels on tariff ...,https://www.reuters.com/markets/us/us-importers-set-accelerate-shipments-record-levels-tariff-strike-threats-2024-12-09/,"2 days ago ... The United States' busy ports kicked activity up a notch in November and December, when inbound cargo ... All quotes delayed a minimum of 15 ...",www.reuters.com,www.reuters.com,Unknown date
Mosel river in Germany closed to shipping after lock accident | Reuters,https://www.reuters.com/world/europe/mosel-river-germany-closed-shipping-after-lock-accident-2024-12-10/,"3 days ago ... The river Mosel in western Germany, an important route for grains and rapeseed shipments, has been closed to inland waterways shipping after ...",www.reuters.com,www.reuters.com,Unknown date
Supply Chain Dive: Supply Chain News and Analysis,https://www.supplychaindive.com/,"4 days ago ... US ports by volume: How maritime cargo ... The work stoppage is sparking shipping delays and capacity challenges at other carriers, disrupting the flow of holiday ...",www.supplychaindive.com,www.supplychaindive.com,Unknown date
The First Fully AI-Enabled Holiday Shopping Season Is Here,https://www.forbes.com/sites/garydrenik/2024/12/10/the-first-fully-ai-enabled-holiday-shopping-season-is-here/,"3 days ago ... ... delays and ensuring quick access to products. By using AI-powered systems, retailers can offer consumers fast shipping, real-time ...",www.forbes.com,www.forbes.com,Unknown date
VIEW China's November export growth slows ahead of Trump tariffs ...,https://www.reuters.com/world/china/view-chinas-november-export-growth-slows-ahead-trump-tariffs-2024-12-10/,3 days ago ... Outbound shipments from China grew 6.7% year-year-on-year last month ... All quotes delayed a minimum of 15 minutes. See here for a ...,www.reuters.com,www.reuters.com,Unknown date
Policy Watch: COP29 comes up short on spurring reduction in ...,https://www.reuters.com/sustainability/climate-energy/policy-watch-cop29-comes-up-short-spurring-reduction-industrial-emissions-2024-12-10/,3 days ago ... It will connect shipping companies adopting lower-emission fuels with cargo owners looking for more sustainable supply chains. Key to ...,www.reuters.com,www.reuters.com,Unknown date
China Nov iron ore imports drop on expectation of weak seasonal ...,https://www.reuters.com/markets/commodities/china-nov-iron-ore-imports-drop-expectation-weak-seasonal-demand-2024-12-10/,"3 days ago ... China's iron ore imports in November fell 1.91% from October, customs data showed on Tuesday, as shipments ... All quotes delayed a minimum of 15 ...",www.reuters.com,www.reuters.com,Unknown date
RightShip: Shaping the future of sustainable shipping with digital ...,https://www.reuters.com/plus/special-interest-films/rightship-shaping-the-future-of-sustainable-shipping-with-digital-innovation,"3 days ago ... Established in 2001, RightShip is the world's leading ESG focused digital maritime platform, providing expertise in global safety, ...",www.reuters.com,www.reuters.com,Unknown date
China soybean imports slip 9% in Nov but on course for record ...,https://www.reuters.com/markets/commodities/china-soybean-imports-slip-9-nov-course-record-annual-high-2024-12-10/,"3 days ago ... In recent months, China has taken in larger-than-usual shipments of U.S. supply due to worries over the potential for renewed U.S.-China ...",www.reuters.com,www.reuters.com,Unknown date
Global airlines forecast $1 trillion 2025 revenue despite plane ...,https://www.reuters.com/business/aerospace-defense/global-airlines-see-growth-2025-despite-supply-chain-issues-2024-12-10/,3 days ago ... Airplane fuselages await shipment at Spirit AeroSystems headquarters in Wichita ... All quotes delayed a minimum of 15 minutes. See here ...,www.reuters.com,www.reuters.com,Unknown date
"China's exports slow sharply, imports shrink ahead of Trump tariffs ...",https://www.reuters.com/world/china/chinas-export-growth-slows-imports-shrink-ahead-trump-tariffs-2024-12-10/,"3 days ago ... Outbound shipments grew 6.7% last month, customs data showed on ... All quotes delayed a minimum of 15 minutes. See here for a complete ...",www.reuters.com,www.reuters.com,Unknown date
"Slovakia to enter talks to buy three C-390 aircraft, Brazil's Embraer ...",https://www.reuters.com/business/aerospace-defense/slovakia-enter-talks-buy-three-c-390-aircraft-brazils-embraer-says-2024-12-10/,"3 days ago ... Slovakia will kick off talks in January for the purchase of three C-390 Millennium aircraft, Brazilian planemaker Embraer said on Tuesday, ...",www.reuters.com,www.reuters.com,Unknown date
China's Nov exports likely grew 8.5% as factories shift stocks ...,https://www.reuters.com/world/china/chinas-nov-exports-likely-grew-85-factories-shift-stocks-overseas-2024-12-09/,4 days ago ... ... shipments amid growing tariff risks from the incoming U.S. administration ... All quotes delayed a minimum of 15 minutes. See here for a ...,www.reuters.com,www.reuters.com,Unknown date
Descartes Releases December Global Shipping Report: November ...,https://www.supplychaindive.com/press-release/20241209-descartes-releases-december-global-shipping-report-november-2024-us-cont/,4 days ago ... Supply chain and logistics news.,www.supplychaindive.com,www.supplychaindive.com,Unknown date
Risk Resilience News | Supply Chain Dive,https://www.supplychaindive.com/topic/risk-resilience/,"5 days ago ... The work stoppage is sparking shipping delays and capacity challenges at other carriers, disrupting the flow of holiday packages. By Max Garland • Dec. 9 ...",www.supplychaindive.com,www.supplychaindive.com,Unknown date
Canada Post strike: What shippers should know | Supply Chain Dive,https://www.supplychaindive.com/news/canada-post-strike-delivery-alternatives-guide/734952/,"4 days ago ... The work stoppage is sparking shipping delays and capacity challenges at other carriers, disrupting the flow of holiday packages. Published ...",www.supplychaindive.com,www.supplychaindive.com,Unknown date
Storm Darragh Wales: Pub's big losses as thousands without power,https://www.bbc.com/news/articles/cly2ek0ez4no,"4 days ago ... About four blue shipping containers can be seen on the ground, including one which has ... 'Disastrous' port closure may delay Christmas presents.",www.bbc.com,www.bbc.com,Unknown date
"Taiwan November exports expand faster than expected, outlook ...",https://www.reuters.com/markets/asia/taiwan-november-exports-expand-faster-than-expected-outlook-upbeat-2024-12-09/,"4 days ago ... Trucks drive between cargo containers at Port of Taichung in Taichung, Taiwan April 18, 2023. ... All quotes delayed a minimum of 15 minutes.",www.reuters.com,www.reuters.com,Unknown date
Dominican Republic seizes record 9.5 tons of cocaine | Reuters,https://www.reuters.com/world/americas/dominican-republic-seizes-record-95-tons-cocaine-2024-12-07/,"7 days ago ... ... shipment that arrived at a port in Santo Domingo, the capital ... All quotes delayed a minimum of 15 minutes. See here for a complete list of ...",www.reuters.com,www.reuters.com,Unknown date
Supply Chain Technology News | Supply Chain Dive,https://www.supplychaindive.com/topic/technology/,"8 days ago ... Pitney Bowes launches e-commerce shipping platform. In a crowded field, the company believes ShipAccel's ability to easily evolve as a user's business grows ...",www.supplychaindive.com,www.supplychaindive.com,Unknown date
เหตุยิงซีอีโอ บ.ประกันภัยยักษ์ใหญ่กลางนิวยอร์ก แรงจูงใจคืออะไร - BBC ...,https://www.bbc.com/thai/articles/cdxzyp1449wo,"8 days ago ... คำเหล่านี้คล้ายคลึงแต่ไม่ตรงกับหนังสือที่มีชื่อว่า ""Delay, Deny, Defend: Why Insurance Companies Don't Pay Claims and What You Can Do About ...",www.bbc.com,www.bbc.com,Unknown date
Indian tyremaker CEAT to buy Camso brand from France's Michelin ...,https://www.reuters.com/business/indian-tyremaker-ceat-buy-camso-brand-frances-michelin-225-mln-2024-12-06/,8 days ago ... Airplane fuselages await shipment at Spirit AeroSystems headquarters in Wichita ... All quotes delayed a minimum of 15 minutes. See here for a ...,www.reuters.com,www.reuters.com,Unknown date
Inside the 'brutal' logistical challenge of staging a Formula One ...,https://www.cnn.com/2024/12/06/sport/formula-one-logistics-qatar-grand-prix-spt-intl/index.html,"8 days ago ... “We do have a lot of pressure,” said Micklewright, adding that a customs delay led to the air freight arriving almost four hours late to Doha.",www.cnn.com,www.cnn.com,Unknown date
"Climate change could delay monarch butterflies' migration, expert says",https://www.reuters.com/video/watch/idRW502405122024RP1/,"Dec 4, 2024 ... The delayed arrival of thousands of monarch butterflies to the forests of Mexico State and Michoacan could be linked to climate change, ...",www.reuters.com,www.reuters.com,Unknown date
Canada trade deficit narrows to $924 million in October | Reuters,https://www.reuters.com/markets/canada-trade-deficit-narrows-924-million-october-2024-12-05/,"Dec 4, 2024 ... Trucks loaded with shipping containers ... All quotes delayed a minimum of 15 minutes. See here for a complete list of exchanges and delays.",www.reuters.com,www.reuters.com,Unknown date
US seeks comment on airline passenger cash compensation ...,https://www.reuters.com/business/aerospace-defense/us-seeks-comment-airline-passenger-cash-compensation-proposal-2024-12-05/,"Dec 4, 2024 ... Airlines must refund passengers for canceled flights, but are not required to compensate customers for delays. Major carriers have committed to ...",www.reuters.com,www.reuters.com,Unknown date
District of Columbia says Amazon secretly stopped fast deliveries to ...,https://www.cnn.com/2024/12/05/business/amazon-dc-black-delivery/index.html,"Dec 4, 2024 ... ... delays and “deceptively implied” that the delays “were simply due to natural fluctuations in shipping circumstances, rather than an ...",www.cnn.com,www.cnn.com,Unknown date
"Crew of cargo ship rescued in Red Sea, EU naval force says | Reuters",https://www.reuters.com/world/middle-east/rescue-operation-underway-cargo-vessels-crew-red-sea-2024-12-05/,"Dec 4, 2024 ... The crew of Panama-flagged cargo ... Crew of cargo ship rescued in Red Sea, EU naval force says ... All quotes delayed a minimum of 15 minutes.",www.reuters.com,www.reuters.com,Unknown date
"Tariffs under first Trump term hurt US firms, NY Fed analysis says ...",https://www.reuters.com/markets/us/tariffs-under-first-trump-term-hurt-us-firms-ny-fed-analysis-says-2024-12-05/,"Dec 4, 2024 ... Shipping containers are shown at the Terminal 1 Container Terminal ... All quotes delayed a minimum of 15 minutes. See here for a ...",www.reuters.com,www.reuters.com,Unknown date
"Canada's trade deficit narrows in October, surplus with the U.S. ...",https://www.reuters.com/markets/canadas-trade-deficit-narrows-c924-million-october-2024-12-05/,"Dec 4, 2024 ... Trucks loaded with shipping containers leave the Port of ... All quotes delayed a minimum of 15 minutes. See here for a complete ...",www.reuters.com,www.reuters.com,Unknown date
Reefer truck shortages hit parts of western US | Trucking Dive,https://www.supplychaindive.com/news/reefer-truck-shortages-idaho-washington-november-december-2024/734751/,"Dec 4, 2024 ... TFI will delay spinoff of Daseke, other truckload assets ... The Canada-based freight giant wants to close a $4 billion to $5 billion acquisition ...",www.supplychaindive.com,www.supplychaindive.com,Unknown date
The world's hunger watchdog warned of catastrophe in Sudan ...,https://www.reuters.com/graphics/FAMINE-RESPONSE/SUDAN/zdvxqkqxnpx/,"Dec 4, 2024 ... Aid shipments blocked at Adre border crossing. United Nations aid ... delay. The guidance for the new rule cites “the urgency to inform ...",www.reuters.com,www.reuters.com,Unknown date
Warren Stephens,https://www.forbes.com/profile/warren-stephens/,"Dec 3, 2024 ... This Uber For Deliveries Is Helping Retailers Beat Shipping Delays During The Holidays. UPS-backed Roadie and its fleet of 200,000 independent drivers are ...",www.forbes.com,www.forbes.com,Unknown date
Unipetrol reports delayed Russian oil flows as imports ruling looms ...,https://www.reuters.com/business/energy/unipetrol-reports-delayed-russian-oil-flows-imports-ruling-looms-2024-12-04/,"Dec 3, 2024 ... Czech pipeline operator Mero said it was investigating the oil pipeline delivery delays and that alternative supply routes were in use.",www.reuters.com,www.reuters.com,Unknown date
US Election 2024 | Latest News & Analysis | BBC News,https://www.bbc.com/news/topics/cj3ergr8209t,"Dec 3, 2024 ... TRUMP WINS ... 270 to win ... Kamala Harris, Democratic Candidate ... Kamala Harris ... Democrat ... 226 ... Donald Trump, Republican Candidate ... Donald Trump ... Republican.",www.bbc.com,www.bbc.com,Unknown date
OECD cuts 2025 forecast for German economy | Reuters,https://www.reuters.com/markets/europe/oecd-cuts-2025-forecast-german-economy-2024-12-04/,"Dec 3, 2024 ... The OECD has trimmed its forecast for German economic growth next year due to political uncertainty and tight fiscal policy, ...",www.reuters.com,www.reuters.com,Unknown date
The Next Evolution Of AI: Hyperapps Running On Quantum Computers,https://www.forbes.com/councils/forbesbusinessdevelopmentcouncil/2024/12/04/the-next-evolution-of-ai-hyperapps-running-on-quantum-computers/,"Dec 3, 2024 ... The supply chain is arguably one of the most complex workflows to manage, given increased consumer demand—especially with suppliers, inventory ...",www.forbes.com,www.forbes.com,Unknown date
FBI Warns—These Holiday Shopping Scams Could Ruin Your 2024 ...,https://www.forbes.com/sites/larsdaniel/2024/12/03/fbi-warning-online-holiday-shopping-scams-could-ruin-your-2024-season/,"Dec 3, 2024 ... Imagine receiving an email claiming there's a problem with your recent order— a package delay or a payment issue. ... Confirm Shipment: A ...",www.forbes.com,www.forbes.com,Unknown date
A sea-change for seafarers as the shipping industry gears up to ...,https://www.reuters.com/sustainability/climate-energy/sea-change-seafarers-shipping-industry-gears-up-decarbonise-2024-12-03/,"Dec 2, 2024 ... Because of the way these new sustainable fuels are produced, there are likely to be a number of regional supply systems rather than today's ...",www.reuters.com,www.reuters.com,Unknown date
What shippers and carriers seek from a modern TMS | Supply Chain ...,https://www.supplychaindive.com/news/what-shippers-carriers-want-transportation-management-systems/733818/,"Dec 2, 2024 ... Lauzums said he wants machine learning in a TMS that can more quickly predict delivery times and spot problematic shipments to avoid delays, an ...",www.supplychaindive.com,www.supplychaindive.com,Unknown date
Canada Post strike strains Christmas shopping season,https://www.bbc.com/news/articles/ce3y9306qdyo,"Nov 29, 2024 ... ... shipping overseas with a different carrier was too ... delay contract negotiations so workers could deliver throughout the pandemic.",www.bbc.com,www.bbc.com,Unknown date
'Crazy growth': How one product created a multi-million dollar brand,https://www.bbc.com/worklife/article/20241129-how-one-product-created-a-multi-million-dollar-brand,"Nov 28, 2024 ... The company has faced challenges, too, including navigating global supply chain disruptions during the pandemic and scaling operations to meet ...",www.bbc.com,www.bbc.com,Unknown date
Microsoft Hacking Warning—450 Million Windows Users Must Now Act,https://www.forbes.com/sites/zakdoffman/2024/11/29/microsoft-windows-hacking-warning-450-million-users-must-now-act/,"Nov 28, 2024 ... Once the exploit is downloaded, it executes code to open RomCom's backdoor. This chain attack comprising two different vulnerabilities working ...",www.forbes.com,www.forbes.com,Unknown date
Nvidia's Stock Has 70% Potential Upside For 2025,https://www.forbes.com/sites/bethkindig/2024/11/27/nvidias-stock-has-70-potential-upside-for-2025/,"Nov 26, 2024 ... ... shipping in full ... Back in August, in the analysis Nvidia Stock: Blackwell Suppliers Shrug Off Delay Ahead Of Q2 Earnings, I wrote:.",www.forbes.com,www.forbes.com,Unknown date
"November 26, 2024 - Presidential transition news | CNN Politics",https://www.cnn.com/politics/live-news/trump-transition-news-11-26-24/index.html,"Nov 25, 2024 ... ... a key agreement with the White House unlocking transition briefings and activities after a lengthy delay.",www.cnn.com,www.cnn.com,Unknown date
DHL plane crash in Lithuania leaves authorities searching for ...,https://www.reuters.com/business/aerospace-defense/dhl-cargo-plane-crashes-near-vilnius-airport-2024-11-25/,"Nov 24, 2024 ... A DHL cargo plane crashed as it came in to land at Lithuania's Vilnius airport on Monday morning, killing one person in what Germany's ...",www.reuters.com,www.reuters.com,Unknown date
Nvidia Stock Is A Buy On Dips Before Blackwell Arrives In 2025,https://www.forbes.com/sites/bethkindig/2024/11/20/nvidia-stock-is-a-buy-on-dips-before-blackwell-arrives-in-2025/,"Nov 19, 2024 ... Rest assured, as 2025 approaches, supply chain data is giving bullish signals that the new generation of GPUs shipping in full volume by mid- ...",www.forbes.com,www.forbes.com,Unknown date
Exclusive: Inditex boosts fast fashion flights from India to avoid ...,https://www.reuters.com/business/retail-consumer/inditex-boosts-fast-fashion-flights-india-avoid-shipping-delays-2024-11-20/,"Nov 18, 2024 ... ... in India to its logistics hub in Spain to avoid shipping delays, according to trade data, industry experts, and investors.",www.reuters.com,www.reuters.com,Unknown date
Russia restricts enriched uranium exports to the United States ...,https://www.reuters.com/markets/commodities/russia-restricts-enriched-uranium-exports-united-states-2024-11-15/,"Nov 14, 2024 ... ... shipments to continue in case of supply concerns through 2027. ... All quotes delayed a minimum of 15 minutes. See here for a complete list ...",www.reuters.com,www.reuters.com,Unknown date
India thermal coal imports fall at fastest pace in 15 months | Reuters,https://www.reuters.com/world/india/india-thermal-coal-imports-fall-fastest-pace-15-months-2024-11-12/,"Nov 10, 2024 ... Shipments into the world's second-largest coal importer plunged 31.8 ... All quotes delayed a minimum of 15 minutes. See here for a ...",www.reuters.com,www.reuters.com,Unknown date
Canada's West Coast Port Strike Causes Supply Chain Panic,https://www.forbes.com/sites/sap/2024/11/08/canadas-west-coast-port-strike-causes-supply-chain-panic/,"Nov 7, 2024 ... ... delays when shipment plans change. For distributors serving multiple retailers, even a small delay can mean they can't meet their ...",www.forbes.com,www.forbes.com,Unknown date
Canada's western ports are on lockdown: What to know | Supply ...,https://www.supplychaindive.com/news/british-columbia-ports-lockdown-strike/732351/,"Nov 7, 2024 ... Experts said shipments can be easily diverted to US West Coast ports in the short term, but a lengthier stoppage could be costly.",www.supplychaindive.com,www.supplychaindive.com,Unknown date
"India's rice inventories hit record high, triples govt target | Reuters",https://www.reuters.com/markets/commodities/indias-rice-inventories-hit-record-high-triples-govt-target-2024-11-08/,"Nov 7, 2024 ... Higher stocks would allow the world's biggest rice exporter to boost shipments ... All quotes delayed a minimum of 15 minutes. See here for a ...",www.reuters.com,www.reuters.com,Unknown date
Council Post: Revolutionizing Supply Chains: The Game-Changing ...,https://www.forbes.com/councils/forbestechcouncil/2024/11/06/revolutionizing-supply-chains-the-game-changing-impact-of-ai/,"Nov 5, 2024 ... AI assistants could now automate these interactions, coordinating with suppliers across regions in real time. For example, if a shipment delay ...",www.forbes.com,www.forbes.com,Unknown date
"Mystery parcel fires were 'test runs' to target cargo flights to US, says ...",https://www.bbc.com/news/articles/c07912lxx33o,"Nov 4, 2024 ... The package that burst into flames in Leipzig is thought to have arrived from Lithuania and its onward flight was delayed. The device that ...",www.bbc.com,www.bbc.com,Unknown date
4 Clauses To Include In Your Freelance Contract To Protect Your ...,https://www.forbes.com/sites/shodewan/2024/10/31/4-things-to-include-in-the-freelance-contract-to-protect-your-business/,"Oct 30, 2024 ... ... delays from shipping companies), and issues in essential infrastructure. Imagine being on track to deliver, but a storm knocks out your ...",www.forbes.com,www.forbes.com,Unknown date
Maersk sees no Suez Canal return until 'well into 2025' due to Red ...,https://www.reuters.com/markets/europe/maersk-saw-strong-demand-q3-driven-by-china-southeast-asia-exports-2024-10-31/,"Oct 30, 2024 ... ... shipments pushing freight rates higher and causing congestion in Asian and European ports. ... All quotes delayed a minimum of 15 minutes.",www.reuters.com,www.reuters.com,Unknown date
Two ferry companies for Channel Islands 'unworkable',https://www.bbc.com/news/articles/cd6v4966qleo,"Oct 30, 2024 ... Grant Miller, the chairman of UK-based travel agent Preston Holidays said the decision should have been made weeks ago. ""The delays are ...",www.bbc.com,www.bbc.com,Unknown date
How Asian pharma suppliers cash in on Ozempic copies | Reuters,https://www.reuters.com/business/healthcare-pharmaceuticals/how-asian-pharma-suppliers-cash-ozempic-copies-2024-11-01/,"Oct 30, 2024 ... The Incepta drugs are part of an Asia-based supply chain manufacturing and exporting cheaper copies of Ozempic across the world, Reuters has found.",www.reuters.com,www.reuters.com,Unknown date
Freight News | Supply Chain Dive,https://www.supplychaindive.com/topic/freight/,"Oct 29, 2024 ... Higher peak season surcharges are one risk for shippers to manage this year. By Supply Chain Dive staff. IMC Logistics American Pacific Transportation Image ...",www.supplychaindive.com,www.supplychaindive.com,Unknown date
Amazon warns of West Coast capacity constraints | Supply Chain Dive,https://www.supplychaindive.com/news/amazon-west-coast-inventory-placement-capacity/731127/,"Oct 27, 2024 ... The constraints are leading to lengthier processing times for seller inventory at inbound shipping locations and palletized freight. “We're ...",www.supplychaindive.com,www.supplychaindive.com,Unknown date
TRANS MOUNTAIN OIL PIPE LINE CO LTD | Reuters,https://www.reuters.com/company/trans-mountain-oil-pipe-line-co-ltd/,"Oct 20, 2024 ... First Canadian oil export cargo from expanded Trans Mountain pipeline ... Trans Mountain oil shippers raise concerns about risk of delay to full service.",www.reuters.com,www.reuters.com,Unknown date
Will A Q3 Surprise Reverse Intel Stock's 55% Decline?,https://www.forbes.com/sites/greatspeculations/2024/10/18/will-a-q3-surprise-reverse-intel-stocks-55-decline/,"Oct 17, 2024 ... On the server side, Intel has been facing pressure from AMD's EPYC chips which have been gaining market share amidst Intel's delays in ...",www.forbes.com,www.forbes.com,Unknown date
Boeing Will Lay Off About 10% Of Its Employees In Coming Months,https://www.forbes.com/sites/antoniopequenoiv/2024/10/11/boeing-will-cut-about-10-of-its-workforce-amid-strike-and-financial-struggles/,"Oct 10, 2024 ... Boeing also announced production and delivery changes, saying it will delay ... shipping goods, by 2027. The layoff news comes shortly ...",www.forbes.com,www.forbes.com,Unknown date
The ILA strike is over. What should shippers prioritize now? | Supply ...,https://www.supplychaindive.com/news/ila-port-strike-ends-what-shippers-should-know/729282/,"Oct 10, 2024 ... ... cargo backlogs and freight constraints, experts told Supply Chain Dive. ... Although the strike only lasted a few days, it still had a rippling ...",www.supplychaindive.com,www.supplychaindive.com,Unknown date
Supply Chain Logistics News,https://www.supplychaindive.com/topic/logistics/?page=3,"Oct 9, 2024 ... Adam Dentinger, a UPS delivery driver, unloads a shipment of Janssen COVID-19 ... Days of a port strike could mean weeks of manufacturing delays. Chemical ...",www.supplychaindive.com,www.supplychaindive.com,Unknown date
Attempt to allow locals to live in temporary housing in Guernsey,https://www.bbc.com/news/articles/c756exvk2keo,"Oct 8, 2024 ... Four grey-painted corrugated iron shipping container units. The ... Guernsey's top political committee responds to criticism over the delays ...",www.bbc.com,www.bbc.com,Unknown date
Hurricane Milton's supply chain impact: What to know,https://www.supplychaindive.com/news/hurricane-milton-supply-chain-impacts/729385/,"Oct 8, 2024 ... 10 update, FedEx said that “delays and disruptions are possible for inbound and outbound shipments in markets along the west coast of Florida.",www.supplychaindive.com,www.supplychaindive.com,Unknown date
