city,date,temperature,humidity,weather
Chennai,2024-12-13,26.43,82,scattered clouds
Chennai,2024-12-13,25.96,79,broken clouds
Chennai,2024-12-13,25.29,76,broken clouds
Chennai,2024-12-14,24.4,75,broken clouds
Chennai,2024-12-14,26.26,67,overcast clouds
Chennai,2024-12-14,27.45,61,broken clouds
Chennai,2024-12-14,27.17,61,clear sky
Chennai,2024-12-14,25.93,65,few clouds
Chennai,2024-12-14,25.34,67,broken clouds
Chennai,2024-12-14,24.92,69,broken clouds
Chennai,2024-12-14,24.35,72,overcast clouds
Chennai,2024-12-15,23.87,73,overcast clouds
Chennai,2024-12-15,26.09,66,scattered clouds
Chennai,2024-12-15,27.36,59,scattered clouds
Chennai,2024-12-15,27.09,61,few clouds
Chennai,2024-12-15,25.72,65,broken clouds
Chennai,2024-12-15,25.16,68,overcast clouds
Chennai,2024-12-15,24.48,69,overcast clouds
Chennai,2024-12-15,23.3,74,overcast clouds
Chennai,2024-12-16,22.79,76,overcast clouds
Chennai,2024-12-16,23.93,73,overcast clouds
Chennai,2024-12-16,26.76,62,overcast clouds
Chennai,2024-12-16,26.35,64,overcast clouds
Chennai,2024-12-16,24.95,72,overcast clouds
Chennai,2024-12-16,24.48,73,overcast clouds
Chennai,2024-12-16,23.87,71,light rain
Chennai,2024-12-16,22.37,75,light rain
Chennai,2024-12-17,20.11,88,moderate rain
Chennai,2024-12-17,20.8,81,light rain
Chennai,2024-12-17,20.31,88,moderate rain
Chennai,2024-12-17,22.89,93,heavy intensity rain
Chennai,2024-12-17,23.15,94,heavy intensity rain
Chennai,2024-12-17,24.32,89,moderate rain
Chennai,2024-12-17,24.56,85,light rain
Chennai,2024-12-17,24.83,83,light rain
Chennai,2024-12-18,24.75,85,light rain
Chennai,2024-12-18,23.89,88,light rain
Chennai,2024-12-18,25.01,86,light rain
Chennai,2024-12-18,25.45,86,light rain
Chennai,2024-12-18,24.28,91,light rain
Mumbai,2024-12-13,26.99,47,few clouds
Mumbai,2024-12-13,26.71,49,scattered clouds
Mumbai,2024-12-13,25.4,45,scattered clouds
Mumbai,2024-12-14,23.81,44,broken clouds
Mumbai,2024-12-14,23.55,43,overcast clouds
Mumbai,2024-12-14,26.28,41,overcast clouds
Mumbai,2024-12-14,28.25,42,broken clouds
Mumbai,2024-12-14,26.52,55,broken clouds
Mumbai,2024-12-14,26.18,61,few clouds
Mumbai,2024-12-14,26.07,55,clear sky
Mumbai,2024-12-14,24.81,46,scattered clouds
Mumbai,2024-12-15,23.93,42,broken clouds
Mumbai,2024-12-15,23.53,39,scattered clouds
Mumbai,2024-12-15,26.23,35,few clouds
Mumbai,2024-12-15,27.84,36,clear sky
Mumbai,2024-12-15,26.17,55,clear sky
Mumbai,2024-12-15,26.01,59,clear sky
Mumbai,2024-12-15,25.64,58,clear sky
Mumbai,2024-12-15,24.88,47,clear sky
Mumbai,2024-12-16,23.93,37,few clouds
Mumbai,2024-12-16,23.42,36,scattered clouds
Mumbai,2024-12-16,26.34,33,few clouds
Mumbai,2024-12-16,27.52,38,clear sky
Mumbai,2024-12-16,25.93,54,clear sky
Mumbai,2024-12-16,25.56,61,clear sky
Mumbai,2024-12-16,25.07,58,clear sky
Mumbai,2024-12-16,24.51,48,clear sky
Mumbai,2024-12-17,23.64,46,clear sky
Mumbai,2024-12-17,23.83,38,scattered clouds
Mumbai,2024-12-17,25.86,30,broken clouds
Mumbai,2024-12-17,25.82,44,scattered clouds
Mumbai,2024-12-17,25.15,55,broken clouds
Mumbai,2024-12-17,25.24,60,overcast clouds
Mumbai,2024-12-17,24.83,57,overcast clouds
Mumbai,2024-12-17,24.29,50,overcast clouds
Mumbai,2024-12-18,23.87,46,overcast clouds
Mumbai,2024-12-18,23.48,42,overcast clouds
Mumbai,2024-12-18,25.17,34,broken clouds
Mumbai,2024-12-18,25.66,41,few clouds
Mumbai,2024-12-18,24.96,53,scattered clouds
Delhi,2024-12-13,15.05,41,few clouds
Delhi,2024-12-13,15.73,32,scattered clouds
Delhi,2024-12-13,15.34,25,clear sky
Delhi,2024-12-14,14.18,20,clear sky
Delhi,2024-12-14,14.13,20,clear sky
Delhi,2024-12-14,18.87,15,clear sky
Delhi,2024-12-14,22.73,10,clear sky
Delhi,2024-12-14,21.61,11,clear sky
Delhi,2024-12-14,18.99,13,clear sky
Delhi,2024-12-14,17.14,13,clear sky
Delhi,2024-12-14,15.71,13,clear sky
Delhi,2024-12-15,14.5,15,clear sky
Delhi,2024-12-15,14.57,15,clear sky
Delhi,2024-12-15,18.92,12,clear sky
Delhi,2024-12-15,22.26,10,clear sky
Delhi,2024-12-15,21.26,11,clear sky
Delhi,2024-12-15,19.18,13,clear sky
Delhi,2024-12-15,17.49,14,clear sky
Delhi,2024-12-15,16.22,14,clear sky
Delhi,2024-12-16,15.0,15,clear sky
Delhi,2024-12-16,15.21,14,clear sky
Delhi,2024-12-16,19.9,11,clear sky
Delhi,2024-12-16,22.63,9,clear sky
Delhi,2024-12-16,21.53,10,clear sky
Delhi,2024-12-16,19.81,12,clear sky
Delhi,2024-12-16,17.92,17,clear sky
Delhi,2024-12-16,16.52,21,clear sky
Delhi,2024-12-17,15.51,25,clear sky
Delhi,2024-12-17,15.9,26,clear sky
Delhi,2024-12-17,20.39,20,clear sky
Delhi,2024-12-17,23.05,14,clear sky
Delhi,2024-12-17,21.9,13,clear sky
Delhi,2024-12-17,20.13,15,clear sky
Delhi,2024-12-17,18.27,19,clear sky
Delhi,2024-12-17,16.64,24,clear sky
Delhi,2024-12-18,15.39,22,clear sky
Delhi,2024-12-18,15.56,17,clear sky
Delhi,2024-12-18,20.07,14,clear sky
Delhi,2024-12-18,22.89,12,clear sky
Delhi,2024-12-18,21.66,12,clear sky
Bengaluru,2024-12-13,22.22,86,broken clouds
Bengaluru,2024-12-13,21.0,89,broken clouds
Bengaluru,2024-12-13,19.3,92,overcast clouds
Bengaluru,2024-12-14,16.98,95,overcast clouds
Bengaluru,2024-12-14,19.33,81,scattered clouds
Bengaluru,2024-12-14,24.35,53,scattered clouds
Bengaluru,2024-12-14,25.83,49,clear sky
Bengaluru,2024-12-14,22.91,62,clear sky
Bengaluru,2024-12-14,19.43,75,clear sky
Bengaluru,2024-12-14,17.31,87,clear sky
Bengaluru,2024-12-14,16.41,91,scattered clouds
Bengaluru,2024-12-15,15.73,91,scattered clouds
Bengaluru,2024-12-15,18.77,70,scattered clouds
Bengaluru,2024-12-15,23.2,54,scattered clouds
Bengaluru,2024-12-15,24.55,48,overcast clouds
Bengaluru,2024-12-15,21.93,59,broken clouds
Bengaluru,2024-12-15,18.65,74,broken clouds
Bengaluru,2024-12-15,17.14,82,broken clouds
Bengaluru,2024-12-15,16.17,84,overcast clouds
Bengaluru,2024-12-16,15.13,83,overcast clouds
Bengaluru,2024-12-16,17.89,67,overcast clouds
Bengaluru,2024-12-16,22.8,40,overcast clouds
Bengaluru,2024-12-16,23.29,39,overcast clouds
Bengaluru,2024-12-16,20.5,53,overcast clouds
Bengaluru,2024-12-16,18.22,62,overcast clouds
Bengaluru,2024-12-16,16.67,70,overcast clouds
Bengaluru,2024-12-16,15.79,69,overcast clouds
Bengaluru,2024-12-17,15.93,62,overcast clouds
Bengaluru,2024-12-17,17.36,58,overcast clouds
Bengaluru,2024-12-17,22.03,49,overcast clouds
Bengaluru,2024-12-17,22.5,56,overcast clouds
Bengaluru,2024-12-17,19.79,70,light rain
Bengaluru,2024-12-17,19.0,68,light rain
Bengaluru,2024-12-17,18.44,69,light rain
Bengaluru,2024-12-17,18.09,65,overcast clouds
Bengaluru,2024-12-18,17.92,69,overcast clouds
Bengaluru,2024-12-18,19.57,74,overcast clouds
Bengaluru,2024-12-18,21.05,78,overcast clouds
Bengaluru,2024-12-18,21.34,80,overcast clouds
Bengaluru,2024-12-18,20.23,87,light rain
Kolkata,2024-12-13,17.97,63,scattered clouds
Kolkata,2024-12-13,17.83,51,scattered clouds
Kolkata,2024-12-13,16.51,41,few clouds
Kolkata,2024-12-14,14.45,37,clear sky
Kolkata,2024-12-14,19.15,28,few clouds
Kolkata,2024-12-14,24.6,19,broken clouds
Kolkata,2024-12-14,26.22,16,broken clouds
Kolkata,2024-12-14,21.9,20,scattered clouds
Kolkata,2024-12-14,19.18,23,clear sky
Kolkata,2024-12-14,17.25,27,few clouds
Kolkata,2024-12-14,15.48,31,scattered clouds
Kolkata,2024-12-15,14.07,31,scattered clouds
Kolkata,2024-12-15,18.86,28,scattered clouds
Kolkata,2024-12-15,24.35,28,scattered clouds
Kolkata,2024-12-15,26.09,23,scattered clouds
Kolkata,2024-12-15,22.25,29,scattered clouds
Kolkata,2024-12-15,20.18,34,scattered clouds
Kolkata,2024-12-15,18.44,39,scattered clouds
Kolkata,2024-12-15,17.07,47,clear sky
Kolkata,2024-12-16,16.18,52,broken clouds
Kolkata,2024-12-16,20.58,41,scattered clouds
Kolkata,2024-12-16,25.68,30,broken clouds
Kolkata,2024-12-16,27.13,24,overcast clouds
Kolkata,2024-12-16,23.3,32,broken clouds
Kolkata,2024-12-16,21.57,35,broken clouds
Kolkata,2024-12-16,20.05,38,scattered clouds
Kolkata,2024-12-16,18.71,41,broken clouds
Kolkata,2024-12-17,17.82,43,broken clouds
Kolkata,2024-12-17,22.02,34,broken clouds
Kolkata,2024-12-17,26.86,24,broken clouds
Kolkata,2024-12-17,28.4,23,overcast clouds
Kolkata,2024-12-17,25.25,30,overcast clouds
Kolkata,2024-12-17,24.31,32,broken clouds
Kolkata,2024-12-17,23.6,34,broken clouds
Kolkata,2024-12-17,21.81,37,overcast clouds
Kolkata,2024-12-18,20.02,40,overcast clouds
Kolkata,2024-12-18,23.37,32,broken clouds
Kolkata,2024-12-18,27.57,24,broken clouds
Kolkata,2024-12-18,28.39,24,overcast clouds
Kolkata,2024-12-18,25.22,29,overcast clouds
Hyderabad,2024-12-13,23.23,49,few clouds
Hyderabad,2024-12-13,21.87,46,scattered clouds
Hyderabad,2024-12-13,20.07,42,broken clouds
Hyderabad,2024-12-14,17.17,42,broken clouds
Hyderabad,2024-12-14,19.62,39,few clouds
Hyderabad,2024-12-14,24.89,29,few clouds
Hyderabad,2024-12-14,26.95,25,clear sky
Hyderabad,2024-12-14,23.33,33,scattered clouds
Hyderabad,2024-12-14,19.76,38,broken clouds
Hyderabad,2024-12-14,18.18,40,scattered clouds
Hyderabad,2024-12-14,17.42,40,few clouds
Hyderabad,2024-12-15,16.33,44,few clouds
Hyderabad,2024-12-15,19.36,39,scattered clouds
Hyderabad,2024-12-15,25.02,27,broken clouds
Hyderabad,2024-12-15,27.31,21,overcast clouds
Hyderabad,2024-12-15,23.14,31,broken clouds
Hyderabad,2024-12-15,19.62,38,overcast clouds
Hyderabad,2024-12-15,18.01,36,overcast clouds
Hyderabad,2024-12-15,17.27,34,overcast clouds
Hyderabad,2024-12-16,16.48,36,overcast clouds
Hyderabad,2024-12-16,19.41,32,overcast clouds
Hyderabad,2024-12-16,25.6,21,overcast clouds
Hyderabad,2024-12-16,26.91,18,overcast clouds
Hyderabad,2024-12-16,23.02,26,overcast clouds
Hyderabad,2024-12-16,19.62,31,overcast clouds
Hyderabad,2024-12-16,18.29,32,overcast clouds
Hyderabad,2024-12-16,17.51,32,overcast clouds
Hyderabad,2024-12-17,16.97,33,overcast clouds
Hyderabad,2024-12-17,19.7,30,overcast clouds
Hyderabad,2024-12-17,26.17,20,overcast clouds
Hyderabad,2024-12-17,28.59,18,overcast clouds
Hyderabad,2024-12-17,24.25,30,broken clouds
Hyderabad,2024-12-17,21.11,33,overcast clouds
Hyderabad,2024-12-17,20.03,33,overcast clouds
Hyderabad,2024-12-17,19.39,32,overcast clouds
Hyderabad,2024-12-18,18.75,31,overcast clouds
Hyderabad,2024-12-18,21.19,29,overcast clouds
Hyderabad,2024-12-18,26.98,22,overcast clouds
Hyderabad,2024-12-18,28.68,24,broken clouds
Hyderabad,2024-12-18,25.44,33,scattered clouds
Ahmedabad,2024-12-13,19.02,37,few clouds
Ahmedabad,2024-12-13,18.8,32,few clouds
Ahmedabad,2024-12-13,17.31,29,few clouds
Ahmedabad,2024-12-14,15.19,26,clear sky
Ahmedabad,2024-12-14,16.15,24,clear sky
Ahmedabad,2024-12-14,23.24,17,clear sky
Ahmedabad,2024-12-14,27.19,13,clear sky
Ahmedabad,2024-12-14,24.87,16,clear sky
Ahmedabad,2024-12-14,21.08,18,clear sky
Ahmedabad,2024-12-14,19.33,20,clear sky
Ahmedabad,2024-12-14,17.35,24,scattered clouds
Ahmedabad,2024-12-15,16.08,25,scattered clouds
Ahmedabad,2024-12-15,17.22,23,scattered clouds
Ahmedabad,2024-12-15,24.87,15,few clouds
Ahmedabad,2024-12-15,28.69,12,clear sky
Ahmedabad,2024-12-15,26.04,16,clear sky
Ahmedabad,2024-12-15,22.09,17,clear sky
Ahmedabad,2024-12-15,20.07,18,clear sky
Ahmedabad,2024-12-15,18.17,23,clear sky
Ahmedabad,2024-12-16,17.04,24,clear sky
Ahmedabad,2024-12-16,18.06,24,clear sky
Ahmedabad,2024-12-16,25.67,17,clear sky
Ahmedabad,2024-12-16,29.58,13,clear sky
Ahmedabad,2024-12-16,27.09,16,clear sky
Ahmedabad,2024-12-16,23.26,19,clear sky
Ahmedabad,2024-12-16,20.66,20,clear sky
Ahmedabad,2024-12-16,18.7,22,clear sky
Ahmedabad,2024-12-17,17.31,24,clear sky
Ahmedabad,2024-12-17,18.32,25,clear sky
Ahmedabad,2024-12-17,25.69,17,clear sky
Ahmedabad,2024-12-17,29.31,14,clear sky
Ahmedabad,2024-12-17,26.79,18,clear sky
Ahmedabad,2024-12-17,22.03,18,clear sky
Ahmedabad,2024-12-17,19.27,15,few clouds
Ahmedabad,2024-12-17,18.05,20,few clouds
Ahmedabad,2024-12-18,17.27,17,clear sky
Ahmedabad,2024-12-18,18.18,27,clear sky
Ahmedabad,2024-12-18,25.9,19,clear sky
Ahmedabad,2024-12-18,29.26,15,clear sky
Ahmedabad,2024-12-18,26.8,18,clear sky
Chandigarh,2024-12-13,12.1,24,broken clouds
Chandigarh,2024-12-13,11.54,24,broken clouds
Chandigarh,2024-12-13,10.21,25,scattered clouds
Chandigarh,2024-12-14,8.9,23,clear sky
Chandigarh,2024-12-14,11.09,20,clear sky
Chandigarh,2024-12-14,20.25,11,clear sky
Chandigarh,2024-12-14,23.72,10,clear sky
Chandigarh,2024-12-14,16.75,17,clear sky
Chandigarh,2024-12-14,13.11,22,clear sky
Chandigarh,2024-12-14,11.44,23,clear sky
Chandigarh,2024-12-14,10.34,23,clear sky
Chandigarh,2024-12-15,9.22,24,clear sky
Chandigarh,2024-12-15,11.58,21,clear sky
Chandigarh,2024-12-15,19.72,13,few clouds
Chandigarh,2024-12-15,22.78,11,clear sky
Chandigarh,2024-12-15,16.56,14,clear sky
Chandigarh,2024-12-15,12.83,19,clear sky
Chandigarh,2024-12-15,11.38,23,few clouds
Chandigarh,2024-12-15,10.43,24,clear sky
Chandigarh,2024-12-16,9.38,25,clear sky
Chandigarh,2024-12-16,12.13,24,clear sky
Chandigarh,2024-12-16,19.68,14,clear sky
Chandigarh,2024-12-16,22.68,10,clear sky
Chandigarh,2024-12-16,15.94,15,clear sky
Chandigarh,2024-12-16,13.31,23,clear sky
Chandigarh,2024-12-16,12.43,30,clear sky
Chandigarh,2024-12-16,11.94,35,clear sky
Chandigarh,2024-12-17,10.88,39,clear sky
Chandigarh,2024-12-17,13.62,33,clear sky
Chandigarh,2024-12-17,21.08,24,clear sky
Chandigarh,2024-12-17,23.29,20,clear sky
Chandigarh,2024-12-17,16.89,25,clear sky
Chandigarh,2024-12-17,13.66,32,clear sky
Chandigarh,2024-12-17,12.52,39,clear sky
Chandigarh,2024-12-17,11.68,42,clear sky
Chandigarh,2024-12-18,10.7,41,clear sky
Chandigarh,2024-12-18,13.19,32,clear sky
Chandigarh,2024-12-18,21.02,20,clear sky
Chandigarh,2024-12-18,23.79,15,clear sky
Chandigarh,2024-12-18,17.13,21,few clouds
Jaipur,2024-12-13,17.62,25,clear sky
Jaipur,2024-12-13,15.27,23,clear sky
Jaipur,2024-12-13,11.97,25,clear sky
Jaipur,2024-12-14,7.89,23,clear sky
Jaipur,2024-12-14,12.03,19,clear sky
Jaipur,2024-12-14,20.15,11,clear sky
Jaipur,2024-12-14,23.73,8,clear sky
Jaipur,2024-12-14,17.46,14,clear sky
Jaipur,2024-12-14,13.18,15,clear sky
Jaipur,2024-12-14,11.47,15,clear sky
Jaipur,2024-12-14,9.74,16,clear sky
Jaipur,2024-12-15,8.52,17,clear sky
Jaipur,2024-12-15,14.12,17,clear sky
Jaipur,2024-12-15,21.44,10,clear sky
Jaipur,2024-12-15,24.25,8,clear sky
Jaipur,2024-12-15,15.55,18,clear sky
Jaipur,2024-12-15,12.94,18,clear sky
Jaipur,2024-12-15,11.8,21,clear sky
Jaipur,2024-12-15,9.62,40,clear sky
Jaipur,2024-12-16,8.4,46,clear sky
Jaipur,2024-12-16,14.76,24,clear sky
Jaipur,2024-12-16,21.16,14,clear sky
Jaipur,2024-12-16,23.7,12,clear sky
Jaipur,2024-12-16,16.65,18,clear sky
Jaipur,2024-12-16,14.08,22,clear sky
Jaipur,2024-12-16,12.68,24,clear sky
Jaipur,2024-12-16,9.88,40,clear sky
Jaipur,2024-12-17,9.02,45,clear sky
Jaipur,2024-12-17,14.72,25,clear sky
Jaipur,2024-12-17,20.77,17,clear sky
Jaipur,2024-12-17,23.31,15,clear sky
Jaipur,2024-12-17,15.29,29,clear sky
Jaipur,2024-12-17,13.18,45,clear sky
Jaipur,2024-12-17,11.96,32,clear sky
Jaipur,2024-12-17,11.4,30,clear sky
Jaipur,2024-12-18,9.92,35,clear sky
Jaipur,2024-12-18,14.29,29,clear sky
Jaipur,2024-12-18,21.1,18,clear sky
Jaipur,2024-12-18,23.12,15,clear sky
Jaipur,2024-12-18,16.3,22,clear sky
Surat,2024-12-13,22.99,35,few clouds
Surat,2024-12-13,22.04,32,few clouds
Surat,2024-12-13,19.98,30,broken clouds
Surat,2024-12-14,17.33,29,scattered clouds
Surat,2024-12-14,18.9,30,clear sky
Surat,2024-12-14,27.12,23,clear sky
Surat,2024-12-14,30.41,20,clear sky
Surat,2024-12-14,26.99,22,scattered clouds
Surat,2024-12-14,22.06,27,scattered clouds
Surat,2024-12-14,20.7,26,few clouds
Surat,2024-12-14,19.14,28,clear sky
Surat,2024-12-15,18.04,31,clear sky
Surat,2024-12-15,19.54,32,broken clouds
Surat,2024-12-15,27.57,23,scattered clouds
Surat,2024-12-15,31.22,18,clear sky
Surat,2024-12-15,27.92,23,clear sky
Surat,2024-12-15,22.81,26,clear sky
Surat,2024-12-15,21.38,26,clear sky
Surat,2024-12-15,19.39,29,clear sky
Surat,2024-12-16,18.46,32,clear sky
Surat,2024-12-16,19.96,33,clear sky
Surat,2024-12-16,28.15,22,clear sky
Surat,2024-12-16,31.69,16,clear sky
Surat,2024-12-16,26.5,35,clear sky
Surat,2024-12-16,23.15,32,clear sky
Surat,2024-12-16,21.76,29,clear sky
Surat,2024-12-16,20.14,30,clear sky
Surat,2024-12-17,18.72,31,clear sky
Surat,2024-12-17,19.57,32,clear sky
Surat,2024-12-17,27.46,23,scattered clouds
Surat,2024-12-17,29.9,20,broken clouds
Surat,2024-12-17,25.77,31,broken clouds
Surat,2024-12-17,23.09,31,broken clouds
Surat,2024-12-17,20.97,29,scattered clouds
Surat,2024-12-17,19.15,31,clear sky
Surat,2024-12-18,17.78,33,clear sky
Surat,2024-12-18,19.37,34,scattered clouds
Surat,2024-12-18,28.18,22,scattered clouds
Surat,2024-12-18,31.06,19,scattered clouds
Surat,2024-12-18,26.64,32,broken clouds
Pune,2024-12-13,20.72,35,broken clouds
Pune,2024-12-13,19.92,36,broken clouds
Pune,2024-12-13,18.22,39,broken clouds
Pune,2024-12-14,15.86,44,overcast clouds
Pune,2024-12-14,18.42,40,overcast clouds
Pune,2024-12-14,24.9,27,overcast clouds
Pune,2024-12-14,28.11,21,overcast clouds
Pune,2024-12-14,25.34,27,broken clouds
Pune,2024-12-14,20.94,29,scattered clouds
Pune,2024-12-14,18.16,32,few clouds
Pune,2024-12-14,16.42,35,clear sky
Pune,2024-12-15,15.13,37,scattered clouds
Pune,2024-12-15,18.76,31,scattered clouds
Pune,2024-12-15,25.8,20,scattered clouds
Pune,2024-12-15,28.85,15,clear sky
Pune,2024-12-15,25.45,21,clear sky
Pune,2024-12-15,21.12,21,clear sky
Pune,2024-12-15,18.05,25,clear sky
Pune,2024-12-15,16.2,27,clear sky
Pune,2024-12-16,14.69,31,few clouds
Pune,2024-12-16,18.96,27,broken clouds
Pune,2024-12-16,25.97,18,scattered clouds
Pune,2024-12-16,28.98,13,clear sky
Pune,2024-12-16,25.53,19,clear sky
Pune,2024-12-16,20.61,20,clear sky
Pune,2024-12-16,18.3,24,few clouds
Pune,2024-12-16,16.7,28,few clouds
Pune,2024-12-17,15.17,33,clear sky
Pune,2024-12-17,19.66,29,overcast clouds
Pune,2024-12-17,25.95,20,overcast clouds
Pune,2024-12-17,29.1,14,few clouds
Pune,2024-12-17,25.76,21,scattered clouds
Pune,2024-12-17,21.39,21,overcast clouds
Pune,2024-12-17,18.85,26,overcast clouds
Pune,2024-12-17,17.39,28,overcast clouds
Pune,2024-12-18,16.38,29,overcast clouds
Pune,2024-12-18,19.77,28,overcast clouds
Pune,2024-12-18,25.36,19,overcast clouds
Pune,2024-12-18,28.51,13,overcast clouds
Pune,2024-12-18,25.35,20,overcast clouds
Lucknow,2024-12-13,14.52,23,clear sky
Lucknow,2024-12-13,13.94,24,clear sky
Lucknow,2024-12-13,12.56,27,clear sky
Lucknow,2024-12-14,10.38,29,clear sky
Lucknow,2024-12-14,13.41,25,clear sky
Lucknow,2024-12-14,20.36,16,clear sky
Lucknow,2024-12-14,23.23,13,clear sky
Lucknow,2024-12-14,17.96,19,clear sky
Lucknow,2024-12-14,15.17,23,clear sky
Lucknow,2024-12-14,13.43,26,clear sky
Lucknow,2024-12-14,12.22,28,clear sky
Lucknow,2024-12-15,11.36,30,clear sky
Lucknow,2024-12-15,14.33,27,clear sky
Lucknow,2024-12-15,20.58,19,clear sky
Lucknow,2024-12-15,23.18,16,clear sky
Lucknow,2024-12-15,18.46,22,clear sky
Lucknow,2024-12-15,15.98,25,clear sky
Lucknow,2024-12-15,14.39,28,clear sky
Lucknow,2024-12-15,13.18,31,clear sky
Lucknow,2024-12-16,12.07,35,clear sky
Lucknow,2024-12-16,15.37,31,clear sky
Lucknow,2024-12-16,21.9,22,clear sky
Lucknow,2024-12-16,24.25,21,clear sky
Lucknow,2024-12-16,19.6,28,clear sky
Lucknow,2024-12-16,17.53,31,clear sky
Lucknow,2024-12-16,15.96,35,clear sky
Lucknow,2024-12-16,14.49,39,clear sky
Lucknow,2024-12-17,13.46,43,clear sky
Lucknow,2024-12-17,16.43,39,clear sky
Lucknow,2024-12-17,22.67,26,clear sky
Lucknow,2024-12-17,24.89,20,clear sky
Lucknow,2024-12-17,20.01,27,clear sky
Lucknow,2024-12-17,17.96,30,clear sky
Lucknow,2024-12-17,15.89,35,clear sky
Lucknow,2024-12-17,14.59,41,clear sky
Lucknow,2024-12-18,13.33,46,clear sky
Lucknow,2024-12-18,16.39,40,clear sky
Lucknow,2024-12-18,22.8,27,clear sky
Lucknow,2024-12-18,25.11,21,clear sky
Lucknow,2024-12-18,20.03,29,clear sky
Kanpur,2024-12-13,13.45,27,clear sky
Kanpur,2024-12-13,13.02,28,clear sky
Kanpur,2024-12-13,11.65,29,clear sky
Kanpur,2024-12-14,9.68,28,clear sky
Kanpur,2024-12-14,12.74,26,clear sky
Kanpur,2024-12-14,20.25,17,clear sky
Kanpur,2024-12-14,23.11,14,clear sky
Kanpur,2024-12-14,17.37,21,clear sky
Kanpur,2024-12-14,14.36,24,clear sky
Kanpur,2024-12-14,12.81,26,clear sky
Kanpur,2024-12-14,11.62,27,clear sky
Kanpur,2024-12-15,10.6,28,clear sky
Kanpur,2024-12-15,13.84,25,clear sky
Kanpur,2024-12-15,20.88,17,clear sky
Kanpur,2024-12-15,23.43,14,clear sky
Kanpur,2024-12-15,17.69,21,clear sky
Kanpur,2024-12-15,15.0,23,clear sky
Kanpur,2024-12-15,13.29,26,clear sky
Kanpur,2024-12-15,11.95,28,clear sky
Kanpur,2024-12-16,10.96,29,clear sky
Kanpur,2024-12-16,14.16,26,clear sky
Kanpur,2024-12-16,21.19,19,clear sky
Kanpur,2024-12-16,23.74,17,clear sky
Kanpur,2024-12-16,18.26,25,clear sky
Kanpur,2024-12-16,15.86,27,clear sky
Kanpur,2024-12-16,14.6,30,clear sky
Kanpur,2024-12-16,13.32,33,clear sky
Kanpur,2024-12-17,12.32,36,clear sky
Kanpur,2024-12-17,15.63,34,clear sky
Kanpur,2024-12-17,22.38,26,clear sky
Kanpur,2024-12-17,24.63,22,clear sky
Kanpur,2024-12-17,19.18,30,clear sky
Kanpur,2024-12-17,16.48,35,clear sky
Kanpur,2024-12-17,14.95,39,clear sky
Kanpur,2024-12-17,13.67,42,clear sky
Kanpur,2024-12-18,12.49,46,clear sky
Kanpur,2024-12-18,15.57,42,clear sky
Kanpur,2024-12-18,22.61,28,clear sky
Kanpur,2024-12-18,24.81,21,few clouds
Kanpur,2024-12-18,19.04,30,clear sky
Nagpur,2024-12-13,20.01,56,scattered clouds
Nagpur,2024-12-13,18.0,47,scattered clouds
Nagpur,2024-12-13,15.03,38,scattered clouds
Nagpur,2024-12-14,11.51,31,scattered clouds
Nagpur,2024-12-14,15.23,29,clear sky
Nagpur,2024-12-14,23.59,18,few clouds
Nagpur,2024-12-14,26.69,13,scattered clouds
Nagpur,2024-12-14,21.04,22,broken clouds
Nagpur,2024-12-14,16.52,28,broken clouds
Nagpur,2024-12-14,14.05,31,broken clouds
Nagpur,2024-12-14,12.78,32,few clouds
Nagpur,2024-12-15,11.56,32,few clouds
Nagpur,2024-12-15,15.41,29,clear sky
Nagpur,2024-12-15,24.61,17,clear sky
Nagpur,2024-12-15,28.05,13,clear sky
Nagpur,2024-12-15,21.81,24,clear sky
Nagpur,2024-12-15,17.09,28,clear sky
Nagpur,2024-12-15,14.71,31,clear sky
Nagpur,2024-12-15,13.51,32,scattered clouds
Nagpur,2024-12-16,12.11,33,broken clouds
Nagpur,2024-12-16,15.89,31,scattered clouds
Nagpur,2024-12-16,23.77,21,scattered clouds
Nagpur,2024-12-16,26.65,18,few clouds
Nagpur,2024-12-16,21.75,25,scattered clouds
Nagpur,2024-12-16,18.59,28,overcast clouds
Nagpur,2024-12-16,15.22,31,overcast clouds
Nagpur,2024-12-16,13.53,32,scattered clouds
Nagpur,2024-12-17,12.16,34,scattered clouds
Nagpur,2024-12-17,16.02,32,scattered clouds
Nagpur,2024-12-17,22.93,23,broken clouds
Nagpur,2024-12-17,26.73,18,broken clouds
Nagpur,2024-12-17,21.66,25,broken clouds
Nagpur,2024-12-17,19.12,27,scattered clouds
Nagpur,2024-12-17,16.1,33,broken clouds
Nagpur,2024-12-17,14.59,33,overcast clouds
Nagpur,2024-12-18,14.09,31,overcast clouds
Nagpur,2024-12-18,16.71,31,overcast clouds
Nagpur,2024-12-18,24.91,18,broken clouds
Nagpur,2024-12-18,27.56,14,overcast clouds
Nagpur,2024-12-18,21.86,23,overcast clouds
Indore,2024-12-13,15.1,51,few clouds
Indore,2024-12-13,13.94,45,few clouds
Indore,2024-12-13,11.95,41,clear sky
Indore,2024-12-14,9.47,37,clear sky
Indore,2024-12-14,12.52,34,clear sky
Indore,2024-12-14,20.96,18,clear sky
Indore,2024-12-14,24.07,15,clear sky
Indore,2024-12-14,18.91,25,clear sky
Indore,2024-12-14,15.14,26,few clouds
Indore,2024-12-14,13.16,28,scattered clouds
Indore,2024-12-14,12.14,30,scattered clouds
Indore,2024-12-15,11.37,30,scattered clouds
Indore,2024-12-15,14.67,30,clear sky
Indore,2024-12-15,23.18,16,clear sky
Indore,2024-12-15,26.02,13,clear sky
Indore,2024-12-15,20.28,24,clear sky
Indore,2024-12-15,16.32,26,clear sky
Indore,2024-12-15,14.62,28,clear sky
Indore,2024-12-15,13.28,29,clear sky
Indore,2024-12-16,12.29,30,clear sky
Indore,2024-12-16,15.26,31,clear sky
Indore,2024-12-16,23.83,18,clear sky
Indore,2024-12-16,26.37,14,clear sky
Indore,2024-12-16,21.2,23,clear sky
Indore,2024-12-16,16.98,26,clear sky
Indore,2024-12-16,15.33,28,clear sky
Indore,2024-12-16,14.53,28,clear sky
Indore,2024-12-17,13.51,29,few clouds
Indore,2024-12-17,17.07,28,clear sky
Indore,2024-12-17,24.73,17,clear sky
Indore,2024-12-17,27.29,15,scattered clouds
Indore,2024-12-17,21.91,24,broken clouds
Indore,2024-12-17,17.59,27,clear sky
Indore,2024-12-17,15.86,28,clear sky
Indore,2024-12-17,14.09,29,clear sky
Indore,2024-12-18,13.01,32,few clouds
Indore,2024-12-18,14.98,36,overcast clouds
Indore,2024-12-18,22.69,22,broken clouds
Indore,2024-12-18,25.12,18,scattered clouds
Indore,2024-12-18,20.54,26,scattered clouds
Vadodara,2024-12-13,17.98,39,overcast clouds
Vadodara,2024-12-13,17.8,34,broken clouds
Vadodara,2024-12-13,16.63,29,scattered clouds
Vadodara,2024-12-14,14.81,27,few clouds
Vadodara,2024-12-14,16.74,29,clear sky
Vadodara,2024-12-14,24.74,20,clear sky
Vadodara,2024-12-14,28.32,15,clear sky
Vadodara,2024-12-14,24.12,21,clear sky
Vadodara,2024-12-14,20.01,21,clear sky
Vadodara,2024-12-14,18.19,22,few clouds
Vadodara,2024-12-14,16.62,24,scattered clouds
Vadodara,2024-12-15,15.35,28,few clouds
Vadodara,2024-12-15,16.98,32,clear sky
Vadodara,2024-12-15,25.74,19,clear sky
Vadodara,2024-12-15,29.68,14,clear sky
Vadodara,2024-12-15,25.75,20,clear sky
Vadodara,2024-12-15,21.33,20,clear sky
Vadodara,2024-12-15,19.13,22,clear sky
Vadodara,2024-12-15,17.57,24,few clouds
Vadodara,2024-12-16,16.36,26,clear sky
Vadodara,2024-12-16,17.88,31,clear sky
Vadodara,2024-12-16,26.78,19,clear sky
Vadodara,2024-12-16,30.09,15,clear sky
Vadodara,2024-12-16,26.72,20,clear sky
Vadodara,2024-12-16,22.41,23,clear sky
Vadodara,2024-12-16,19.72,25,clear sky
Vadodara,2024-12-16,18.56,25,clear sky
Vadodara,2024-12-17,16.82,27,clear sky
Vadodara,2024-12-17,18.57,28,clear sky
Vadodara,2024-12-17,26.02,20,clear sky
Vadodara,2024-12-17,29.78,16,clear sky
Vadodara,2024-12-17,26.56,22,clear sky
Vadodara,2024-12-17,22.15,24,scattered clouds
Vadodara,2024-12-17,19.58,26,few clouds
Vadodara,2024-12-17,17.84,28,clear sky
Vadodara,2024-12-18,16.64,31,clear sky
Vadodara,2024-12-18,18.64,31,clear sky
Vadodara,2024-12-18,27.04,20,clear sky
Vadodara,2024-12-18,29.99,17,broken clouds
Vadodara,2024-12-18,26.56,22,scattered clouds
Coimbatore,2024-12-13,22.88,94,light rain
Coimbatore,2024-12-13,22.59,93,light rain
Coimbatore,2024-12-13,22.03,94,light rain
Coimbatore,2024-12-14,21.13,95,light rain
Coimbatore,2024-12-14,22.45,85,overcast clouds
Coimbatore,2024-12-14,25.94,71,broken clouds
Coimbatore,2024-12-14,25.83,70,broken clouds
Coimbatore,2024-12-14,24.15,80,broken clouds
Coimbatore,2024-12-14,22.76,83,overcast clouds
Coimbatore,2024-12-14,21.24,90,broken clouds
Coimbatore,2024-12-14,20.11,93,broken clouds
Coimbatore,2024-12-15,18.96,97,broken clouds
Coimbatore,2024-12-15,21.02,82,broken clouds
Coimbatore,2024-12-15,25.06,58,scattered clouds
Coimbatore,2024-12-15,26.11,50,broken clouds
Coimbatore,2024-12-15,23.21,71,scattered clouds
Coimbatore,2024-12-15,20.33,79,clear sky
Coimbatore,2024-12-15,19.47,80,scattered clouds
Coimbatore,2024-12-15,18.42,85,overcast clouds
Coimbatore,2024-12-16,17.79,88,overcast clouds
Coimbatore,2024-12-16,20.43,79,overcast clouds
Coimbatore,2024-12-16,25.83,54,overcast clouds
Coimbatore,2024-12-16,25.22,52,overcast clouds
Coimbatore,2024-12-16,22.46,66,overcast clouds
Coimbatore,2024-12-16,19.71,71,overcast clouds
Coimbatore,2024-12-16,19.28,71,overcast clouds
Coimbatore,2024-12-16,18.83,68,overcast clouds
Coimbatore,2024-12-17,18.45,65,overcast clouds
Coimbatore,2024-12-17,20.95,62,overcast clouds
Coimbatore,2024-12-17,25.67,49,overcast clouds
Coimbatore,2024-12-17,26.39,47,overcast clouds
Coimbatore,2024-12-17,22.89,65,overcast clouds
Coimbatore,2024-12-17,20.38,69,overcast clouds
Coimbatore,2024-12-17,20.08,68,overcast clouds
Coimbatore,2024-12-17,20.58,64,overcast clouds
Coimbatore,2024-12-18,20.45,64,overcast clouds
Coimbatore,2024-12-18,20.95,70,overcast clouds
Coimbatore,2024-12-18,21.97,71,overcast clouds
Coimbatore,2024-12-18,25.07,63,overcast clouds
Coimbatore,2024-12-18,23.09,70,overcast clouds
Patna,2024-12-13,15.96,82,clear sky
Patna,2024-12-13,14.99,63,clear sky
Patna,2024-12-13,12.94,46,clear sky
Patna,2024-12-14,10.08,31,clear sky
Patna,2024-12-14,14.55,27,clear sky
Patna,2024-12-14,21.17,18,clear sky
Patna,2024-12-14,23.36,15,clear sky
Patna,2024-12-14,17.66,22,clear sky
Patna,2024-12-14,15.46,25,clear sky
Patna,2024-12-14,13.8,27,clear sky
Patna,2024-12-14,12.1,31,clear sky
Patna,2024-12-15,10.98,33,clear sky
Patna,2024-12-15,15.78,28,clear sky
Patna,2024-12-15,22.2,19,clear sky
Patna,2024-12-15,24.59,16,clear sky
Patna,2024-12-15,19.03,23,clear sky
Patna,2024-12-15,16.52,27,clear sky
Patna,2024-12-15,14.94,28,clear sky
Patna,2024-12-15,13.55,30,clear sky
Patna,2024-12-16,12.23,32,clear sky
Patna,2024-12-16,16.81,26,clear sky
Patna,2024-12-16,23.57,21,clear sky
Patna,2024-12-16,25.51,22,clear sky
Patna,2024-12-16,20.32,29,clear sky
Patna,2024-12-16,18.15,34,clear sky
Patna,2024-12-16,16.52,37,clear sky
Patna,2024-12-16,15.43,39,clear sky
Patna,2024-12-17,13.88,43,clear sky
Patna,2024-12-17,18.56,34,clear sky
Patna,2024-12-17,24.53,26,scattered clouds
Patna,2024-12-17,26.12,24,scattered clouds
Patna,2024-12-17,20.89,32,few clouds
Patna,2024-12-17,18.93,36,scattered clouds
Patna,2024-12-17,17.03,40,few clouds
Patna,2024-12-17,15.42,45,few clouds
Patna,2024-12-18,13.88,49,few clouds
Patna,2024-12-18,18.17,40,broken clouds
Patna,2024-12-18,24.37,27,broken clouds
Patna,2024-12-18,26.28,23,broken clouds
Patna,2024-12-18,20.86,31,broken clouds
Agra,2024-12-13,14.32,22,clear sky
Agra,2024-12-13,13.74,22,clear sky
Agra,2024-12-13,12.18,24,clear sky
Agra,2024-12-14,10.01,27,clear sky
Agra,2024-12-14,11.78,30,clear sky
Agra,2024-12-14,19.63,19,clear sky
Agra,2024-12-14,22.66,15,clear sky
Agra,2024-12-14,17.76,24,clear sky
Agra,2024-12-14,15.2,24,clear sky
Agra,2024-12-14,13.52,22,clear sky
Agra,2024-12-14,12.0,22,clear sky
Agra,2024-12-15,10.74,20,clear sky
Agra,2024-12-15,12.62,23,clear sky
Agra,2024-12-15,20.12,16,clear sky
Agra,2024-12-15,23.19,14,clear sky
Agra,2024-12-15,17.93,21,clear sky
Agra,2024-12-15,15.37,22,clear sky
Agra,2024-12-15,13.37,24,clear sky
Agra,2024-12-15,12.19,22,clear sky
Agra,2024-12-16,11.06,21,clear sky
Agra,2024-12-16,13.4,23,clear sky
Agra,2024-12-16,20.47,16,clear sky
Agra,2024-12-16,23.36,14,clear sky
Agra,2024-12-16,18.26,21,clear sky
Agra,2024-12-16,15.64,23,clear sky
Agra,2024-12-16,13.97,24,clear sky
Agra,2024-12-16,12.7,26,clear sky
Agra,2024-12-17,11.59,28,clear sky
Agra,2024-12-17,14.15,28,clear sky
Agra,2024-12-17,20.92,21,clear sky
Agra,2024-12-17,23.61,17,clear sky
Agra,2024-12-17,18.68,24,clear sky
Agra,2024-12-17,16.0,27,clear sky
Agra,2024-12-17,14.63,29,clear sky
Agra,2024-12-17,13.31,31,clear sky
Agra,2024-12-18,11.71,33,clear sky
Agra,2024-12-18,13.66,34,clear sky
Agra,2024-12-18,20.7,25,clear sky
Agra,2024-12-18,23.45,20,clear sky
Agra,2024-12-18,18.38,28,clear sky
Visakhapatnam,2024-12-13,23.52,60,overcast clouds
Visakhapatnam,2024-12-13,23.11,62,overcast clouds
Visakhapatnam,2024-12-13,22.01,66,broken clouds
Visakhapatnam,2024-12-14,20.56,70,broken clouds
Visakhapatnam,2024-12-14,23.4,56,scattered clouds
Visakhapatnam,2024-12-14,26.86,45,scattered clouds
Visakhapatnam,2024-12-14,27.28,45,scattered clouds
Visakhapatnam,2024-12-14,24.57,55,few clouds
Visakhapatnam,2024-12-14,23.48,59,clear sky
Visakhapatnam,2024-12-14,21.57,66,clear sky
Visakhapatnam,2024-12-14,20.68,67,few clouds
Visakhapatnam,2024-12-15,20.19,66,scattered clouds
Visakhapatnam,2024-12-15,22.99,51,scattered clouds
Visakhapatnam,2024-12-15,26.67,43,scattered clouds
Visakhapatnam,2024-12-15,26.85,42,few clouds
Visakhapatnam,2024-12-15,24.23,53,scattered clouds
Visakhapatnam,2024-12-15,22.98,61,overcast clouds
Visakhapatnam,2024-12-15,21.25,66,overcast clouds
Visakhapatnam,2024-12-15,20.74,65,overcast clouds
Visakhapatnam,2024-12-16,19.5,62,overcast clouds
Visakhapatnam,2024-12-16,22.87,48,broken clouds
Visakhapatnam,2024-12-16,26.35,35,overcast clouds
Visakhapatnam,2024-12-16,27.52,33,overcast clouds
Visakhapatnam,2024-12-16,24.44,49,overcast clouds
Visakhapatnam,2024-12-16,23.13,55,broken clouds
Visakhapatnam,2024-12-16,21.62,57,overcast clouds
Visakhapatnam,2024-12-16,21.25,54,overcast clouds
Visakhapatnam,2024-12-17,22.35,49,overcast clouds
Visakhapatnam,2024-12-17,23.93,44,overcast clouds
Visakhapatnam,2024-12-17,26.43,44,overcast clouds
Visakhapatnam,2024-12-17,26.66,48,overcast clouds
Visakhapatnam,2024-12-17,24.66,64,light rain
Visakhapatnam,2024-12-17,24.13,71,overcast clouds
Visakhapatnam,2024-12-17,23.18,74,overcast clouds
Visakhapatnam,2024-12-17,22.88,69,overcast clouds
Visakhapatnam,2024-12-18,22.67,66,overcast clouds
Visakhapatnam,2024-12-18,25.02,60,overcast clouds
Visakhapatnam,2024-12-18,27.86,60,overcast clouds
Visakhapatnam,2024-12-18,28.07,64,broken clouds
Visakhapatnam,2024-12-18,25.76,74,overcast clouds
Madurai,2024-12-13,25.01,94,light rain
Madurai,2024-12-13,24.62,92,light rain
Madurai,2024-12-13,24.02,90,light rain
Madurai,2024-12-14,22.98,87,overcast clouds
Madurai,2024-12-14,23.38,85,overcast clouds
Madurai,2024-12-14,27.42,65,broken clouds
Madurai,2024-12-14,28.81,64,broken clouds
Madurai,2024-12-14,24.75,81,overcast clouds
Madurai,2024-12-14,24.54,79,overcast clouds
Madurai,2024-12-14,22.7,83,overcast clouds
Madurai,2024-12-14,21.76,83,overcast clouds
Madurai,2024-12-15,20.99,81,overcast clouds
Madurai,2024-12-15,23.55,71,broken clouds
Madurai,2024-12-15,27.16,55,scattered clouds
Madurai,2024-12-15,28.08,52,scattered clouds
Madurai,2024-12-15,24.84,70,broken clouds
Madurai,2024-12-15,22.63,74,overcast clouds
Madurai,2024-12-15,21.4,80,overcast clouds
Madurai,2024-12-15,20.59,83,broken clouds
Madurai,2024-12-16,19.71,87,broken clouds
Madurai,2024-12-16,22.88,76,overcast clouds
Madurai,2024-12-16,26.96,52,overcast clouds
Madurai,2024-12-16,28.0,46,overcast clouds
Madurai,2024-12-16,24.78,66,overcast clouds
Madurai,2024-12-16,22.47,70,overcast clouds
Madurai,2024-12-16,21.25,70,overcast clouds
Madurai,2024-12-16,20.13,64,overcast clouds
Madurai,2024-12-17,20.18,61,overcast clouds
Madurai,2024-12-17,21.98,64,overcast clouds
Madurai,2024-12-17,26.61,48,overcast clouds
Madurai,2024-12-17,28.4,43,overcast clouds
Madurai,2024-12-17,23.84,62,overcast clouds
Madurai,2024-12-17,22.74,57,overcast clouds
Madurai,2024-12-17,22.34,62,overcast clouds
Madurai,2024-12-17,22.56,64,overcast clouds
Madurai,2024-12-18,22.67,64,overcast clouds
Madurai,2024-12-18,23.95,63,overcast clouds
Madurai,2024-12-18,25.4,56,overcast clouds
Madurai,2024-12-18,24.82,63,overcast clouds
Madurai,2024-12-18,25.09,62,overcast clouds
Rajkot,2024-12-13,21.06,19,scattered clouds
Rajkot,2024-12-13,20.5,20,scattered clouds
Rajkot,2024-12-13,18.8,23,scattered clouds
Rajkot,2024-12-14,16.35,26,few clouds
Rajkot,2024-12-14,17.19,25,clear sky
Rajkot,2024-12-14,23.92,16,clear sky
Rajkot,2024-12-14,27.39,13,clear sky
Rajkot,2024-12-14,26.46,14,few clouds
Rajkot,2024-12-14,22.44,18,few clouds
Rajkot,2024-12-14,20.44,20,few clouds
Rajkot,2024-12-14,19.07,21,scattered clouds
Rajkot,2024-12-15,17.46,23,few clouds
Rajkot,2024-12-15,18.39,23,scattered clouds
Rajkot,2024-12-15,25.61,15,few clouds
Rajkot,2024-12-15,29.01,12,clear sky
Rajkot,2024-12-15,27.87,13,clear sky
Rajkot,2024-12-15,23.7,17,clear sky
Rajkot,2024-12-15,21.32,21,clear sky
Rajkot,2024-12-15,19.95,29,clear sky
Rajkot,2024-12-16,19.1,24,clear sky
Rajkot,2024-12-16,19.89,20,clear sky
Rajkot,2024-12-16,25.97,14,clear sky
Rajkot,2024-12-16,29.08,12,clear sky
Rajkot,2024-12-16,28.11,14,clear sky
Rajkot,2024-12-16,23.44,21,clear sky
Rajkot,2024-12-16,21.36,22,clear sky
Rajkot,2024-12-16,20.26,23,clear sky
Rajkot,2024-12-17,18.79,24,clear sky
Rajkot,2024-12-17,19.33,25,clear sky
Rajkot,2024-12-17,25.66,18,clear sky
Rajkot,2024-12-17,28.86,13,clear sky
Rajkot,2024-12-17,26.8,13,clear sky
Rajkot,2024-12-17,22.45,16,clear sky
Rajkot,2024-12-17,20.46,15,clear sky
Rajkot,2024-12-17,18.99,24,clear sky
Rajkot,2024-12-18,17.2,39,clear sky
Rajkot,2024-12-18,18.06,29,few clouds
Rajkot,2024-12-18,25.33,13,clear sky
Rajkot,2024-12-18,28.39,13,clear sky
Rajkot,2024-12-18,27.23,14,clear sky
Meerut,2024-12-13,16.27,16,overcast clouds
Meerut,2024-12-13,15.45,18,overcast clouds
Meerut,2024-12-13,13.38,21,scattered clouds
Meerut,2024-12-14,10.67,26,clear sky
Meerut,2024-12-14,11.75,28,clear sky
Meerut,2024-12-14,19.26,17,clear sky
Meerut,2024-12-14,22.63,12,clear sky
Meerut,2024-12-14,18.37,16,clear sky
Meerut,2024-12-14,15.84,15,clear sky
Meerut,2024-12-14,13.99,16,clear sky
Meerut,2024-12-14,12.54,18,clear sky
Meerut,2024-12-15,11.31,20,clear sky
Meerut,2024-12-15,12.48,22,clear sky
Meerut,2024-12-15,19.0,16,clear sky
Meerut,2024-12-15,22.33,13,clear sky
Meerut,2024-12-15,18.08,17,clear sky
Meerut,2024-12-15,15.25,19,clear sky
Meerut,2024-12-15,14.02,21,clear sky
Meerut,2024-12-15,12.64,24,clear sky
Meerut,2024-12-16,11.48,30,clear sky
Meerut,2024-12-16,13.3,33,clear sky
Meerut,2024-12-16,20.2,23,clear sky
Meerut,2024-12-16,22.94,17,clear sky
Meerut,2024-12-16,18.75,23,clear sky
Meerut,2024-12-16,16.51,26,clear sky
Meerut,2024-12-16,15.03,31,clear sky
Meerut,2024-12-16,13.6,38,clear sky
Meerut,2024-12-17,12.67,42,clear sky
Meerut,2024-12-17,14.19,42,clear sky
Meerut,2024-12-17,20.62,28,clear sky
Meerut,2024-12-17,23.33,22,clear sky
Meerut,2024-12-17,19.14,28,clear sky
Meerut,2024-12-17,16.88,31,clear sky
Meerut,2024-12-17,15.38,34,clear sky
Meerut,2024-12-17,13.73,36,clear sky
Meerut,2024-12-18,12.53,40,clear sky
Meerut,2024-12-18,13.86,45,clear sky
Meerut,2024-12-18,20.67,28,clear sky
Meerut,2024-12-18,23.25,16,clear sky
Meerut,2024-12-18,18.69,19,clear sky
Varanasi,2024-12-13,15.05,55,clear sky
Varanasi,2024-12-13,13.9,46,clear sky
Varanasi,2024-12-13,11.72,43,clear sky
Varanasi,2024-12-14,8.9,40,clear sky
Varanasi,2024-12-14,13.4,33,clear sky
Varanasi,2024-12-14,21.1,19,clear sky
Varanasi,2024-12-14,23.65,15,clear sky
Varanasi,2024-12-14,17.42,23,clear sky
Varanasi,2024-12-14,14.07,27,clear sky
Varanasi,2024-12-14,12.05,30,clear sky
Varanasi,2024-12-14,10.56,33,clear sky
Varanasi,2024-12-15,9.55,36,clear sky
Varanasi,2024-12-15,14.18,29,clear sky
Varanasi,2024-12-15,21.47,19,clear sky
Varanasi,2024-12-15,24.12,16,clear sky
Varanasi,2024-12-15,18.02,24,clear sky
Varanasi,2024-12-15,15.02,28,clear sky
Varanasi,2024-12-15,13.22,31,clear sky
Varanasi,2024-12-15,11.51,35,clear sky
Varanasi,2024-12-16,10.28,38,clear sky
Varanasi,2024-12-16,14.72,31,clear sky
Varanasi,2024-12-16,22.11,21,clear sky
Varanasi,2024-12-16,24.6,17,clear sky
Varanasi,2024-12-16,18.66,24,clear sky
Varanasi,2024-12-16,16.11,28,clear sky
Varanasi,2024-12-16,14.37,31,clear sky
Varanasi,2024-12-16,12.8,34,clear sky
Varanasi,2024-12-17,11.49,37,clear sky
Varanasi,2024-12-17,16.2,30,clear sky
Varanasi,2024-12-17,23.01,22,scattered clouds
Varanasi,2024-12-17,25.19,20,overcast clouds
Varanasi,2024-12-17,19.22,28,scattered clouds
Varanasi,2024-12-17,16.9,32,clear sky
Varanasi,2024-12-17,15.08,36,few clouds
Varanasi,2024-12-17,13.36,39,clear sky
Varanasi,2024-12-18,11.86,42,few clouds
Varanasi,2024-12-18,15.95,35,few clouds
Varanasi,2024-12-18,23.06,24,few clouds
Varanasi,2024-12-18,25.45,20,broken clouds
Varanasi,2024-12-18,19.22,29,scattered clouds
Srinagar,2024-12-13,2.72,21,broken clouds
Srinagar,2024-12-13,1.83,23,broken clouds
Srinagar,2024-12-13,-0.31,28,broken clouds
Srinagar,2024-12-14,-3.07,34,scattered clouds
Srinagar,2024-12-14,-1.25,30,clear sky
Srinagar,2024-12-14,4.77,17,scattered clouds
Srinagar,2024-12-14,8.86,11,overcast clouds
Srinagar,2024-12-14,4.86,16,overcast clouds
Srinagar,2024-12-14,2.71,20,broken clouds
Srinagar,2024-12-14,1.31,24,broken clouds
Srinagar,2024-12-14,0.8,24,broken clouds
Srinagar,2024-12-15,0.22,27,broken clouds
Srinagar,2024-12-15,1.55,26,overcast clouds
Srinagar,2024-12-15,6.54,18,overcast clouds
Srinagar,2024-12-15,9.28,14,overcast clouds
Srinagar,2024-12-15,5.03,19,overcast clouds
Srinagar,2024-12-15,3.94,25,overcast clouds
Srinagar,2024-12-15,2.53,27,overcast clouds
Srinagar,2024-12-15,1.55,30,overcast clouds
Srinagar,2024-12-16,0.65,35,overcast clouds
Srinagar,2024-12-16,2.07,31,overcast clouds
Srinagar,2024-12-16,8.37,20,overcast clouds
Srinagar,2024-12-16,12.92,12,scattered clouds
Srinagar,2024-12-16,7.59,18,few clouds
Srinagar,2024-12-16,5.76,18,clear sky
Srinagar,2024-12-16,3.49,22,clear sky
Srinagar,2024-12-16,1.56,27,clear sky
Srinagar,2024-12-17,0.06,30,clear sky
Srinagar,2024-12-17,1.34,27,clear sky
Srinagar,2024-12-17,7.71,16,clear sky
Srinagar,2024-12-17,11.67,9,broken clouds
Srinagar,2024-12-17,6.65,12,broken clouds
Srinagar,2024-12-17,4.77,15,broken clouds
Srinagar,2024-12-17,2.58,17,scattered clouds
Srinagar,2024-12-17,0.49,23,clear sky
Srinagar,2024-12-18,-1.15,28,few clouds
Srinagar,2024-12-18,0.45,25,overcast clouds
Srinagar,2024-12-18,5.08,17,overcast clouds
Srinagar,2024-12-18,8.32,11,overcast clouds
Srinagar,2024-12-18,4.68,13,overcast clouds
Jammu,2024-12-13,12.22,22,overcast clouds
Jammu,2024-12-13,11.75,23,overcast clouds
Jammu,2024-12-13,10.17,21,scattered clouds
Jammu,2024-12-14,8.19,18,clear sky
Jammu,2024-12-14,9.91,16,clear sky
Jammu,2024-12-14,19.43,9,few clouds
Jammu,2024-12-14,21.55,10,scattered clouds
Jammu,2024-12-14,15.83,13,scattered clouds
Jammu,2024-12-14,12.36,17,few clouds
Jammu,2024-12-14,11.29,17,scattered clouds
Jammu,2024-12-14,10.88,15,overcast clouds
Jammu,2024-12-15,10.21,15,overcast clouds
Jammu,2024-12-15,12.19,15,overcast clouds
Jammu,2024-12-15,18.17,11,overcast clouds
Jammu,2024-12-15,20.61,10,overcast clouds
Jammu,2024-12-15,15.23,15,overcast clouds
Jammu,2024-12-15,12.64,17,overcast clouds
Jammu,2024-12-15,10.78,20,overcast clouds
Jammu,2024-12-15,9.73,23,broken clouds
Jammu,2024-12-16,9.05,22,broken clouds
Jammu,2024-12-16,11.06,20,overcast clouds
Jammu,2024-12-16,19.25,12,broken clouds
Jammu,2024-12-16,21.74,9,clear sky
Jammu,2024-12-16,15.41,12,clear sky
Jammu,2024-12-16,12.13,16,clear sky
Jammu,2024-12-16,10.64,21,clear sky
Jammu,2024-12-16,9.97,21,clear sky
Jammu,2024-12-17,8.8,20,clear sky
Jammu,2024-12-17,10.85,18,clear sky
Jammu,2024-12-17,18.87,13,clear sky
Jammu,2024-12-17,21.06,11,clear sky
Jammu,2024-12-17,15.22,14,clear sky
Jammu,2024-12-17,11.82,19,clear sky
Jammu,2024-12-17,10.31,23,clear sky
Jammu,2024-12-17,9.6,22,clear sky
Jammu,2024-12-18,8.59,18,clear sky
Jammu,2024-12-18,10.29,16,broken clouds
Jammu,2024-12-18,18.61,9,overcast clouds
Jammu,2024-12-18,21.15,8,overcast clouds
Jammu,2024-12-18,16.02,14,overcast clouds
Bhopal,2024-12-13,16.21,48,few clouds
Bhopal,2024-12-13,14.74,43,clear sky
Bhopal,2024-12-13,12.22,39,clear sky
Bhopal,2024-12-14,9.19,35,clear sky
Bhopal,2024-12-14,12.38,31,clear sky
Bhopal,2024-12-14,20.14,19,clear sky
Bhopal,2024-12-14,23.2,16,clear sky
Bhopal,2024-12-14,18.06,25,clear sky
Bhopal,2024-12-14,14.96,27,clear sky
Bhopal,2024-12-14,13.16,28,few clouds
Bhopal,2024-12-14,11.76,30,broken clouds
Bhopal,2024-12-15,10.75,30,broken clouds
Bhopal,2024-12-15,14.12,28,few clouds
Bhopal,2024-12-15,21.69,18,clear sky
Bhopal,2024-12-15,24.69,15,clear sky
Bhopal,2024-12-15,19.01,26,clear sky
Bhopal,2024-12-15,15.88,29,clear sky
Bhopal,2024-12-15,13.81,30,clear sky
Bhopal,2024-12-15,12.2,30,clear sky
Bhopal,2024-12-16,11.02,31,clear sky
Bhopal,2024-12-16,14.4,30,clear sky
Bhopal,2024-12-16,22.23,18,clear sky
Bhopal,2024-12-16,25.22,15,clear sky
Bhopal,2024-12-16,19.53,25,few clouds
Bhopal,2024-12-16,16.06,28,clear sky
Bhopal,2024-12-16,13.82,31,clear sky
Bhopal,2024-12-16,12.51,31,clear sky
Bhopal,2024-12-17,11.64,33,clear sky
Bhopal,2024-12-17,15.22,30,few clouds
Bhopal,2024-12-17,22.36,20,scattered clouds
Bhopal,2024-12-17,25.37,16,few clouds
Bhopal,2024-12-17,20.34,24,few clouds
Bhopal,2024-12-17,16.99,28,clear sky
Bhopal,2024-12-17,15.27,30,clear sky
Bhopal,2024-12-17,13.49,32,few clouds
Bhopal,2024-12-18,12.06,32,few clouds
Bhopal,2024-12-18,14.52,32,few clouds
Bhopal,2024-12-18,22.02,22,clear sky
Bhopal,2024-12-18,24.52,18,broken clouds
Bhopal,2024-12-18,19.34,29,scattered clouds
Guwahati,2024-12-13,17.95,88,few clouds
Guwahati,2024-12-13,17.18,85,few clouds
Guwahati,2024-12-13,15.67,86,clear sky
Guwahati,2024-12-14,13.68,86,clear sky
Guwahati,2024-12-14,18.91,64,clear sky
Guwahati,2024-12-14,24.36,46,clear sky
Guwahati,2024-12-14,25.1,42,clear sky
Guwahati,2024-12-14,18.96,64,clear sky
Guwahati,2024-12-14,17.05,71,clear sky
Guwahati,2024-12-14,15.62,75,clear sky
Guwahati,2024-12-14,14.31,79,clear sky
Guwahati,2024-12-15,13.3,78,clear sky
Guwahati,2024-12-15,19.06,62,clear sky
Guwahati,2024-12-15,25.13,42,clear sky
Guwahati,2024-12-15,25.66,41,clear sky
Guwahati,2024-12-15,19.03,63,clear sky
Guwahati,2024-12-15,17.17,71,clear sky
Guwahati,2024-12-15,15.55,77,clear sky
Guwahati,2024-12-15,14.23,78,clear sky
Guwahati,2024-12-16,13.37,74,clear sky
Guwahati,2024-12-16,19.09,56,clear sky
Guwahati,2024-12-16,25.38,41,clear sky
Guwahati,2024-12-16,26.18,37,clear sky
Guwahati,2024-12-16,19.62,55,clear sky
Guwahati,2024-12-16,17.44,64,clear sky
Guwahati,2024-12-16,15.95,68,clear sky
Guwahati,2024-12-16,14.77,68,clear sky
Guwahati,2024-12-17,13.86,71,clear sky
Guwahati,2024-12-17,19.55,59,clear sky
Guwahati,2024-12-17,25.01,44,few clouds
Guwahati,2024-12-17,25.98,41,overcast clouds
Guwahati,2024-12-17,20.31,59,broken clouds
Guwahati,2024-12-17,18.29,67,clear sky
Guwahati,2024-12-17,16.85,71,clear sky
Guwahati,2024-12-17,15.73,75,few clouds
Guwahati,2024-12-18,14.91,76,scattered clouds
Guwahati,2024-12-18,19.78,58,overcast clouds
Guwahati,2024-12-18,24.68,48,overcast clouds
Guwahati,2024-12-18,25.62,44,broken clouds
Guwahati,2024-12-18,20.04,56,broken clouds
Noida,2024-12-13,15.16,13,overcast clouds
Noida,2024-12-13,15.97,14,broken clouds
Noida,2024-12-13,15.75,17,scattered clouds
Noida,2024-12-14,14.74,19,clear sky
Noida,2024-12-14,14.85,19,clear sky
Noida,2024-12-14,19.09,14,clear sky
Noida,2024-12-14,22.66,10,clear sky
Noida,2024-12-14,21.65,10,clear sky
Noida,2024-12-14,19.36,13,clear sky
Noida,2024-12-14,17.61,13,clear sky
Noida,2024-12-14,16.24,13,clear sky
Noida,2024-12-15,14.97,14,clear sky
Noida,2024-12-15,15.16,14,clear sky
Noida,2024-12-15,19.33,11,clear sky
Noida,2024-12-15,22.18,9,clear sky
Noida,2024-12-15,21.04,11,clear sky
Noida,2024-12-15,19.21,13,clear sky
Noida,2024-12-15,17.53,14,clear sky
Noida,2024-12-15,16.38,15,clear sky
Noida,2024-12-16,15.23,15,clear sky
Noida,2024-12-16,15.72,14,clear sky
Noida,2024-12-16,20.23,11,clear sky
Noida,2024-12-16,22.8,8,clear sky
Noida,2024-12-16,21.27,9,clear sky
Noida,2024-12-16,19.59,12,clear sky
Noida,2024-12-16,17.74,16,clear sky
Noida,2024-12-16,16.38,20,clear sky
Noida,2024-12-17,15.4,24,clear sky
Noida,2024-12-17,15.63,27,clear sky
Noida,2024-12-17,20.49,21,clear sky
Noida,2024-12-17,23.39,15,clear sky
Noida,2024-12-17,21.87,14,clear sky
Noida,2024-12-17,20.12,15,clear sky
Noida,2024-12-17,18.37,19,clear sky
Noida,2024-12-17,16.97,24,clear sky
Noida,2024-12-18,15.76,24,clear sky
Noida,2024-12-18,16.17,18,clear sky
Noida,2024-12-18,20.42,14,clear sky
Noida,2024-12-18,22.89,11,clear sky
Noida,2024-12-18,21.6,12,clear sky
Faridabad,2024-12-13,15.14,15,broken clouds
Faridabad,2024-12-13,15.51,16,broken clouds
Faridabad,2024-12-13,14.97,18,scattered clouds
Faridabad,2024-12-14,13.58,21,clear sky
Faridabad,2024-12-14,14.14,22,clear sky
Faridabad,2024-12-14,19.41,15,clear sky
Faridabad,2024-12-14,22.61,11,clear sky
Faridabad,2024-12-14,20.42,12,clear sky
Faridabad,2024-12-14,18.1,15,clear sky
Faridabad,2024-12-14,16.42,15,clear sky
Faridabad,2024-12-14,15.1,14,clear sky
Faridabad,2024-12-15,13.65,16,clear sky
Faridabad,2024-12-15,14.32,17,clear sky
Faridabad,2024-12-15,19.69,11,clear sky
Faridabad,2024-12-15,22.31,9,clear sky
Faridabad,2024-12-15,19.69,12,clear sky
Faridabad,2024-12-15,17.95,14,clear sky
Faridabad,2024-12-15,16.44,16,clear sky
Faridabad,2024-12-15,15.33,16,clear sky
Faridabad,2024-12-16,14.19,17,clear sky
Faridabad,2024-12-16,15.45,16,clear sky
Faridabad,2024-12-16,20.63,11,clear sky
Faridabad,2024-12-16,23.06,8,clear sky
Faridabad,2024-12-16,20.02,9,clear sky
Faridabad,2024-12-16,18.26,10,clear sky
Faridabad,2024-12-16,16.54,14,clear sky
Faridabad,2024-12-16,15.1,17,clear sky
Faridabad,2024-12-17,14.23,22,clear sky
Faridabad,2024-12-17,14.97,26,clear sky
Faridabad,2024-12-17,20.65,21,clear sky
Faridabad,2024-12-17,23.7,15,clear sky
Faridabad,2024-12-17,20.76,16,clear sky
Faridabad,2024-12-17,18.93,17,clear sky
Faridabad,2024-12-17,17.33,19,clear sky
Faridabad,2024-12-17,16.17,23,clear sky
Faridabad,2024-12-18,14.97,26,clear sky
Faridabad,2024-12-18,15.75,23,clear sky
Faridabad,2024-12-18,20.8,14,clear sky
Faridabad,2024-12-18,22.96,12,clear sky
Faridabad,2024-12-18,20.26,14,clear sky
Ludhiana,2024-12-13,13.01,22,overcast clouds
Ludhiana,2024-12-13,12.18,24,broken clouds
Ludhiana,2024-12-13,10.26,28,scattered clouds
Ludhiana,2024-12-14,7.99,34,clear sky
Ludhiana,2024-12-14,9.92,30,clear sky
Ludhiana,2024-12-14,19.85,14,clear sky
Ludhiana,2024-12-14,23.3,10,clear sky
Ludhiana,2024-12-14,17.23,15,clear sky
Ludhiana,2024-12-14,13.35,19,clear sky
Ludhiana,2024-12-14,11.51,21,clear sky
Ludhiana,2024-12-14,9.97,22,clear sky
Ludhiana,2024-12-15,9.06,23,clear sky
Ludhiana,2024-12-15,10.72,21,scattered clouds
Ludhiana,2024-12-15,19.92,11,broken clouds
Ludhiana,2024-12-15,23.4,8,overcast clouds
Ludhiana,2024-12-15,16.72,12,overcast clouds
Ludhiana,2024-12-15,13.13,15,broken clouds
Ludhiana,2024-12-15,11.13,18,scattered clouds
Ludhiana,2024-12-15,9.52,22,clear sky
Ludhiana,2024-12-16,8.45,23,clear sky
Ludhiana,2024-12-16,10.88,21,clear sky
Ludhiana,2024-12-16,20.43,11,clear sky
Ludhiana,2024-12-16,23.66,7,clear sky
Ludhiana,2024-12-16,16.58,12,clear sky
Ludhiana,2024-12-16,13.59,14,clear sky
Ludhiana,2024-12-16,11.57,16,clear sky
Ludhiana,2024-12-16,9.79,18,clear sky
Ludhiana,2024-12-17,8.8,20,clear sky
Ludhiana,2024-12-17,11.01,24,clear sky
Ludhiana,2024-12-17,20.73,16,clear sky
Ludhiana,2024-12-17,23.37,9,clear sky
Ludhiana,2024-12-17,16.82,13,clear sky
Ludhiana,2024-12-17,13.51,15,clear sky
Ludhiana,2024-12-17,11.09,20,clear sky
Ludhiana,2024-12-17,9.63,24,clear sky
Ludhiana,2024-12-18,8.45,29,clear sky
Ludhiana,2024-12-18,10.51,27,clear sky
Ludhiana,2024-12-18,20.19,16,clear sky
Ludhiana,2024-12-18,23.59,11,scattered clouds
Ludhiana,2024-12-18,16.86,14,scattered clouds
Mysuru,2024-12-13,23.0,83,light rain
Mysuru,2024-12-13,21.83,86,broken clouds
Mysuru,2024-12-13,20.26,90,broken clouds
Mysuru,2024-12-14,17.98,95,overcast clouds
Mysuru,2024-12-14,20.39,84,broken clouds
Mysuru,2024-12-14,25.28,65,scattered clouds
Mysuru,2024-12-14,26.51,58,scattered clouds
Mysuru,2024-12-14,23.91,67,scattered clouds
Mysuru,2024-12-14,20.5,77,clear sky
Mysuru,2024-12-14,18.52,79,clear sky
Mysuru,2024-12-14,17.02,87,clear sky
Mysuru,2024-12-15,15.93,93,clear sky
Mysuru,2024-12-15,19.34,73,scattered clouds
Mysuru,2024-12-15,24.35,45,scattered clouds
Mysuru,2024-12-15,25.77,46,broken clouds
Mysuru,2024-12-15,22.59,65,overcast clouds
Mysuru,2024-12-15,19.52,73,scattered clouds
Mysuru,2024-12-15,17.73,82,scattered clouds
Mysuru,2024-12-15,16.5,89,overcast clouds
Mysuru,2024-12-16,15.68,91,overcast clouds
Mysuru,2024-12-16,18.36,75,overcast clouds
Mysuru,2024-12-16,23.4,46,overcast clouds
Mysuru,2024-12-16,23.54,43,overcast clouds
Mysuru,2024-12-16,21.48,56,overcast clouds
Mysuru,2024-12-16,18.77,61,overcast clouds
Mysuru,2024-12-16,17.39,63,overcast clouds
Mysuru,2024-12-16,15.77,69,overcast clouds
Mysuru,2024-12-17,15.2,71,overcast clouds
Mysuru,2024-12-17,17.54,63,overcast clouds
Mysuru,2024-12-17,20.86,48,overcast clouds
Mysuru,2024-12-17,22.54,43,overcast clouds
Mysuru,2024-12-17,19.9,60,overcast clouds
Mysuru,2024-12-17,19.83,59,overcast clouds
Mysuru,2024-12-17,18.88,64,overcast clouds
Mysuru,2024-12-17,17.69,70,overcast clouds
Mysuru,2024-12-18,17.28,70,broken clouds
Mysuru,2024-12-18,19.53,63,broken clouds
Mysuru,2024-12-18,23.1,58,overcast clouds
Mysuru,2024-12-18,25.56,59,overcast clouds
Mysuru,2024-12-18,23.35,73,light rain
Ranchi,2024-12-13,14.06,51,clear sky
Ranchi,2024-12-13,13.46,43,few clouds
Ranchi,2024-12-13,11.82,37,clear sky
Ranchi,2024-12-14,9.81,29,few clouds
Ranchi,2024-12-14,14.81,26,clear sky
Ranchi,2024-12-14,20.14,18,clear sky
Ranchi,2024-12-14,21.55,16,broken clouds
Ranchi,2024-12-14,15.42,25,scattered clouds
Ranchi,2024-12-14,12.67,30,clear sky
Ranchi,2024-12-14,11.38,32,few clouds
Ranchi,2024-12-14,10.47,35,few clouds
Ranchi,2024-12-15,9.54,37,few clouds
Ranchi,2024-12-15,14.86,30,clear sky
Ranchi,2024-12-15,20.29,19,clear sky
Ranchi,2024-12-15,22.04,18,clear sky
Ranchi,2024-12-15,15.56,29,clear sky
Ranchi,2024-12-15,13.0,33,clear sky
Ranchi,2024-12-15,11.82,33,clear sky
Ranchi,2024-12-15,11.3,32,scattered clouds
Ranchi,2024-12-16,10.22,32,broken clouds
Ranchi,2024-12-16,15.66,28,broken clouds
Ranchi,2024-12-16,20.47,22,broken clouds
Ranchi,2024-12-16,21.91,21,broken clouds
Ranchi,2024-12-16,16.64,34,scattered clouds
Ranchi,2024-12-16,14.96,37,broken clouds
Ranchi,2024-12-16,13.53,42,scattered clouds
Ranchi,2024-12-16,12.96,45,broken clouds
Ranchi,2024-12-17,11.93,50,overcast clouds
Ranchi,2024-12-17,17.44,39,scattered clouds
Ranchi,2024-12-17,22.38,28,scattered clouds
Ranchi,2024-12-17,24.31,24,scattered clouds
Ranchi,2024-12-17,18.4,36,broken clouds
Ranchi,2024-12-17,16.52,40,broken clouds
Ranchi,2024-12-17,14.94,43,broken clouds
Ranchi,2024-12-17,14.31,45,overcast clouds
Ranchi,2024-12-18,13.05,50,overcast clouds
Ranchi,2024-12-18,17.44,42,overcast clouds
Ranchi,2024-12-18,22.3,30,overcast clouds
Ranchi,2024-12-18,23.61,26,overcast clouds
Ranchi,2024-12-18,17.86,37,broken clouds
Kochi,2024-12-13,24.99,83,light rain
Kochi,2024-12-13,25.25,85,light rain
Kochi,2024-12-13,25.14,86,light rain
Kochi,2024-12-14,24.81,86,light rain
Kochi,2024-12-14,25.74,81,broken clouds
Kochi,2024-12-14,29.81,64,broken clouds
Kochi,2024-12-14,28.74,71,light rain
Kochi,2024-12-14,28.04,76,light rain
Kochi,2024-12-14,27.18,78,moderate rain
Kochi,2024-12-14,27.01,77,light rain
Kochi,2024-12-14,26.31,82,broken clouds
Kochi,2024-12-15,24.72,90,light rain
Kochi,2024-12-15,25.8,83,broken clouds
Kochi,2024-12-15,28.77,67,broken clouds
Kochi,2024-12-15,28.35,71,clear sky
Kochi,2024-12-15,28.12,72,clear sky
Kochi,2024-12-15,27.64,71,broken clouds
Kochi,2024-12-15,25.41,78,broken clouds
Kochi,2024-12-15,23.54,73,broken clouds
Kochi,2024-12-16,22.32,70,broken clouds
Kochi,2024-12-16,23.79,61,broken clouds
Kochi,2024-12-16,27.91,51,broken clouds
Kochi,2024-12-16,27.69,62,overcast clouds
Kochi,2024-12-16,26.89,70,overcast clouds
Kochi,2024-12-16,25.85,71,overcast clouds
Kochi,2024-12-16,23.93,82,overcast clouds
Kochi,2024-12-16,22.86,86,overcast clouds
Kochi,2024-12-17,21.7,82,overcast clouds
Kochi,2024-12-17,22.39,72,overcast clouds
Kochi,2024-12-17,25.87,63,overcast clouds
Kochi,2024-12-17,27.05,59,overcast clouds
Kochi,2024-12-17,26.01,71,overcast clouds
Kochi,2024-12-17,25.39,72,overcast clouds
Kochi,2024-12-17,23.93,74,overcast clouds
Kochi,2024-12-17,22.21,80,overcast clouds
Kochi,2024-12-18,21.7,78,overcast clouds
Kochi,2024-12-18,23.5,69,scattered clouds
Kochi,2024-12-18,26.86,61,broken clouds
Kochi,2024-12-18,26.76,67,overcast clouds
Kochi,2024-12-18,26.74,66,overcast clouds
Gurugram,2024-12-13,15.02,41,few clouds
Gurugram,2024-12-13,14.87,34,few clouds
Gurugram,2024-12-13,13.76,28,clear sky
Gurugram,2024-12-14,11.78,24,clear sky
Gurugram,2024-12-14,12.37,25,clear sky
Gurugram,2024-12-14,19.08,17,clear sky
Gurugram,2024-12-14,22.73,12,clear sky
Gurugram,2024-12-14,19.61,15,clear sky
Gurugram,2024-12-14,16.59,17,clear sky
Gurugram,2024-12-14,14.75,16,clear sky
Gurugram,2024-12-14,13.38,16,clear sky
Gurugram,2024-12-15,11.95,17,clear sky
Gurugram,2024-12-15,12.69,19,clear sky
Gurugram,2024-12-15,19.16,13,clear sky
Gurugram,2024-12-15,22.61,11,clear sky
Gurugram,2024-12-15,19.52,14,clear sky
Gurugram,2024-12-15,17.29,16,clear sky
Gurugram,2024-12-15,15.73,17,clear sky
Gurugram,2024-12-15,14.34,17,clear sky
Gurugram,2024-12-16,13.11,18,clear sky
Gurugram,2024-12-16,14.48,17,clear sky
Gurugram,2024-12-16,20.34,11,clear sky
Gurugram,2024-12-16,22.71,9,clear sky
Gurugram,2024-12-16,19.34,10,clear sky
Gurugram,2024-12-16,17.64,11,clear sky
Gurugram,2024-12-16,16.27,12,clear sky
Gurugram,2024-12-16,14.72,13,clear sky
Gurugram,2024-12-17,13.89,15,clear sky
Gurugram,2024-12-17,14.81,19,clear sky
Gurugram,2024-12-17,20.66,16,clear sky
Gurugram,2024-12-17,23.74,12,clear sky
Gurugram,2024-12-17,20.38,15,clear sky
Gurugram,2024-12-17,18.78,16,clear sky
Gurugram,2024-12-17,17.08,18,clear sky
Gurugram,2024-12-17,15.21,23,clear sky
Gurugram,2024-12-18,13.75,26,clear sky
Gurugram,2024-12-18,14.19,23,clear sky
Gurugram,2024-12-18,20.11,15,clear sky
Gurugram,2024-12-18,22.9,12,clear sky
Gurugram,2024-12-18,19.61,16,clear sky
Dhanbad,2024-12-13,16.54,22,clear sky
Dhanbad,2024-12-13,15.95,23,clear sky
Dhanbad,2024-12-13,14.38,23,clear sky
Dhanbad,2024-12-14,12.16,24,clear sky
Dhanbad,2024-12-14,17.08,20,clear sky
Dhanbad,2024-12-14,22.68,14,clear sky
Dhanbad,2024-12-14,24.4,12,clear sky
Dhanbad,2024-12-14,18.98,20,clear sky
Dhanbad,2024-12-14,15.97,25,clear sky
Dhanbad,2024-12-14,14.23,27,clear sky
Dhanbad,2024-12-14,12.88,28,clear sky
Dhanbad,2024-12-15,11.88,29,clear sky
Dhanbad,2024-12-15,16.9,23,clear sky
Dhanbad,2024-12-15,22.87,15,clear sky
Dhanbad,2024-12-15,24.84,13,clear sky
Dhanbad,2024-12-15,19.67,21,clear sky
Dhanbad,2024-12-15,16.91,27,clear sky
Dhanbad,2024-12-15,15.32,27,clear sky
Dhanbad,2024-12-15,14.19,29,clear sky
Dhanbad,2024-12-16,13.45,31,scattered clouds
Dhanbad,2024-12-16,18.04,27,clear sky
Dhanbad,2024-12-16,23.45,28,scattered clouds
Dhanbad,2024-12-16,25.27,23,scattered clouds
Dhanbad,2024-12-16,21.17,30,scattered clouds
Dhanbad,2024-12-16,18.55,37,clear sky
Dhanbad,2024-12-16,16.95,42,few clouds
Dhanbad,2024-12-16,15.83,44,scattered clouds
Dhanbad,2024-12-17,14.87,47,broken clouds
Dhanbad,2024-12-17,19.4,37,broken clouds
Dhanbad,2024-12-17,24.62,27,scattered clouds
Dhanbad,2024-12-17,26.33,22,broken clouds
Dhanbad,2024-12-17,22.52,28,scattered clouds
Dhanbad,2024-12-17,19.94,34,broken clouds
Dhanbad,2024-12-17,17.99,40,broken clouds
Dhanbad,2024-12-17,16.82,42,overcast clouds
Dhanbad,2024-12-18,15.63,46,broken clouds
Dhanbad,2024-12-18,19.71,36,overcast clouds
Dhanbad,2024-12-18,24.62,26,overcast clouds
Dhanbad,2024-12-18,26.2,22,overcast clouds
Dhanbad,2024-12-18,22.15,28,overcast clouds
Aurangabad,2024-12-13,19.05,72,broken clouds
Aurangabad,2024-12-13,18.07,61,broken clouds
Aurangabad,2024-12-13,16.18,48,scattered clouds
Aurangabad,2024-12-14,14.08,38,scattered clouds
Aurangabad,2024-12-14,17.54,35,overcast clouds
Aurangabad,2024-12-14,23.44,25,overcast clouds
Aurangabad,2024-12-14,26.36,19,broken clouds
Aurangabad,2024-12-14,22.56,28,broken clouds
Aurangabad,2024-12-14,18.24,32,scattered clouds
Aurangabad,2024-12-14,15.99,36,few clouds
Aurangabad,2024-12-14,14.85,37,clear sky
Aurangabad,2024-12-15,13.39,40,clear sky
Aurangabad,2024-12-15,18.01,33,scattered clouds
Aurangabad,2024-12-15,24.66,19,few clouds
Aurangabad,2024-12-15,27.27,15,clear sky
Aurangabad,2024-12-15,22.89,24,clear sky
Aurangabad,2024-12-15,18.6,26,clear sky
Aurangabad,2024-12-15,16.51,25,clear sky
Aurangabad,2024-12-15,14.81,24,clear sky
Aurangabad,2024-12-16,13.36,27,clear sky
Aurangabad,2024-12-16,18.45,24,scattered clouds
Aurangabad,2024-12-16,25.29,16,scattered clouds
Aurangabad,2024-12-16,27.75,14,clear sky
Aurangabad,2024-12-16,23.04,22,clear sky
Aurangabad,2024-12-16,19.11,24,clear sky
Aurangabad,2024-12-16,16.92,28,clear sky
Aurangabad,2024-12-16,15.17,29,scattered clouds
Aurangabad,2024-12-17,12.98,33,scattered clouds
Aurangabad,2024-12-17,18.84,26,overcast clouds
Aurangabad,2024-12-17,24.98,16,broken clouds
Aurangabad,2024-12-17,27.92,13,few clouds
Aurangabad,2024-12-17,23.11,21,scattered clouds
Aurangabad,2024-12-17,19.59,23,overcast clouds
Aurangabad,2024-12-17,17.6,30,overcast clouds
Aurangabad,2024-12-17,16.09,33,scattered clouds
Aurangabad,2024-12-18,14.34,37,broken clouds
Aurangabad,2024-12-18,19.71,29,overcast clouds
Aurangabad,2024-12-18,25.21,19,overcast clouds
Aurangabad,2024-12-18,27.23,17,overcast clouds
Aurangabad,2024-12-18,23.19,26,broken clouds
Vijayawada,2024-12-13,24.97,73,few clouds
Vijayawada,2024-12-13,23.77,75,scattered clouds
Vijayawada,2024-12-13,21.86,76,broken clouds
Vijayawada,2024-12-14,19.41,79,broken clouds
Vijayawada,2024-12-14,23.29,66,scattered clouds
Vijayawada,2024-12-14,28.11,48,scattered clouds
Vijayawada,2024-12-14,29.85,39,scattered clouds
Vijayawada,2024-12-14,26.34,48,scattered clouds
Vijayawada,2024-12-14,21.74,81,clear sky
Vijayawada,2024-12-14,20.88,82,clear sky
Vijayawada,2024-12-14,19.58,82,clear sky
Vijayawada,2024-12-15,18.86,84,scattered clouds
Vijayawada,2024-12-15,22.48,70,overcast clouds
Vijayawada,2024-12-15,27.74,45,broken clouds
Vijayawada,2024-12-15,29.96,33,scattered clouds
Vijayawada,2024-12-15,25.62,41,broken clouds
Vijayawada,2024-12-15,20.86,67,broken clouds
Vijayawada,2024-12-15,19.93,83,broken clouds
Vijayawada,2024-12-15,18.98,82,broken clouds
Vijayawada,2024-12-16,18.25,84,overcast clouds
Vijayawada,2024-12-16,21.85,68,overcast clouds
Vijayawada,2024-12-16,26.38,47,overcast clouds
Vijayawada,2024-12-16,29.42,33,overcast clouds
Vijayawada,2024-12-16,24.03,45,overcast clouds
Vijayawada,2024-12-16,20.72,47,overcast clouds
Vijayawada,2024-12-16,19.3,53,overcast clouds
Vijayawada,2024-12-16,18.77,63,overcast clouds
Vijayawada,2024-12-17,19.07,60,overcast clouds
Vijayawada,2024-12-17,21.24,53,overcast clouds
Vijayawada,2024-12-17,27.42,34,overcast clouds
Vijayawada,2024-12-17,28.29,47,overcast clouds
Vijayawada,2024-12-17,26.25,62,overcast clouds
Vijayawada,2024-12-17,24.51,72,overcast clouds
Vijayawada,2024-12-17,22.66,78,overcast clouds
Vijayawada,2024-12-17,22.53,77,light rain
Vijayawada,2024-12-18,21.93,79,overcast clouds
Vijayawada,2024-12-18,24.74,70,overcast clouds
Vijayawada,2024-12-18,27.6,62,overcast clouds
Vijayawada,2024-12-18,29.76,57,overcast clouds
Vijayawada,2024-12-18,26.07,78,light rain
Thane,2024-12-13,26.95,47,few clouds
Thane,2024-12-13,25.96,43,scattered clouds
Thane,2024-12-13,23.66,38,scattered clouds
Thane,2024-12-14,20.75,36,broken clouds
Thane,2024-12-14,21.77,36,broken clouds
Thane,2024-12-14,28.38,27,broken clouds
Thane,2024-12-14,31.36,22,broken clouds
Thane,2024-12-14,29.18,29,broken clouds
Thane,2024-12-14,25.64,41,few clouds
Thane,2024-12-14,23.93,38,few clouds
Thane,2024-12-14,22.08,31,scattered clouds
Thane,2024-12-15,20.76,32,broken clouds
Thane,2024-12-15,21.74,30,scattered clouds
Thane,2024-12-15,28.62,22,few clouds
Thane,2024-12-15,31.34,20,clear sky
Thane,2024-12-15,28.77,28,clear sky
Thane,2024-12-15,25.45,39,clear sky
Thane,2024-12-15,23.76,40,clear sky
Thane,2024-12-15,22.19,34,clear sky
Thane,2024-12-16,20.66,26,clear sky
Thane,2024-12-16,21.81,24,scattered clouds
Thane,2024-12-16,28.74,19,few clouds
Thane,2024-12-16,31.44,17,clear sky
Thane,2024-12-16,28.12,28,clear sky
Thane,2024-12-16,24.73,41,clear sky
Thane,2024-12-16,23.12,40,clear sky
Thane,2024-12-16,21.79,38,clear sky
Thane,2024-12-17,20.66,36,clear sky
Thane,2024-12-17,22.06,26,clear sky
Thane,2024-12-17,27.65,18,scattered clouds
Thane,2024-12-17,29.82,21,scattered clouds
Thane,2024-12-17,27.06,35,scattered clouds
Thane,2024-12-17,24.29,44,scattered clouds
Thane,2024-12-17,22.83,42,broken clouds
Thane,2024-12-17,21.7,40,broken clouds
Thane,2024-12-18,20.7,40,overcast clouds
Thane,2024-12-18,21.82,33,overcast clouds
Thane,2024-12-18,28.1,18,broken clouds
Thane,2024-12-18,29.75,21,clear sky
Thane,2024-12-18,26.18,34,scattered clouds
Bhubaneswar,2024-12-13,18.12,77,scattered clouds
Bhubaneswar,2024-12-13,17.73,65,scattered clouds
Bhubaneswar,2024-12-13,16.81,56,few clouds
Bhubaneswar,2024-12-14,15.12,52,clear sky
Bhubaneswar,2024-12-14,20.06,36,clear sky
Bhubaneswar,2024-12-14,25.51,21,clear sky
Bhubaneswar,2024-12-14,27.09,19,scattered clouds
Bhubaneswar,2024-12-14,21.34,29,few clouds
Bhubaneswar,2024-12-14,18.25,33,few clouds
Bhubaneswar,2024-12-14,16.63,35,scattered clouds
Bhubaneswar,2024-12-14,15.76,38,broken clouds
Bhubaneswar,2024-12-15,14.56,44,scattered clouds
Bhubaneswar,2024-12-15,19.74,33,clear sky
Bhubaneswar,2024-12-15,25.67,19,clear sky
Bhubaneswar,2024-12-15,27.04,18,broken clouds
Bhubaneswar,2024-12-15,21.2,27,scattered clouds
Bhubaneswar,2024-12-15,18.12,32,scattered clouds
Bhubaneswar,2024-12-15,16.43,34,scattered clouds
Bhubaneswar,2024-12-15,15.47,35,overcast clouds
Bhubaneswar,2024-12-16,15.06,37,overcast clouds
Bhubaneswar,2024-12-16,20.16,30,broken clouds
Bhubaneswar,2024-12-16,25.94,20,broken clouds
Bhubaneswar,2024-12-16,27.37,19,broken clouds
Bhubaneswar,2024-12-16,21.67,27,broken clouds
Bhubaneswar,2024-12-16,18.13,43,broken clouds
Bhubaneswar,2024-12-16,17.37,44,overcast clouds
Bhubaneswar,2024-12-16,16.93,41,overcast clouds
Bhubaneswar,2024-12-17,16.6,39,overcast clouds
Bhubaneswar,2024-12-17,20.17,34,overcast clouds
Bhubaneswar,2024-12-17,24.77,26,overcast clouds
Bhubaneswar,2024-12-17,24.4,32,overcast clouds
Bhubaneswar,2024-12-17,22.74,36,overcast clouds
Bhubaneswar,2024-12-17,22.37,37,overcast clouds
Bhubaneswar,2024-12-17,21.19,47,overcast clouds
Bhubaneswar,2024-12-17,20.89,55,overcast clouds
Bhubaneswar,2024-12-18,20.85,57,overcast clouds
Bhubaneswar,2024-12-18,22.63,49,overcast clouds
Bhubaneswar,2024-12-18,25.13,44,overcast clouds
Bhubaneswar,2024-12-18,28.35,46,overcast clouds
Bhubaneswar,2024-12-18,24.5,58,broken clouds
Goa,2024-12-13,25.76,57,overcast clouds
Goa,2024-12-13,25.22,51,overcast clouds
Goa,2024-12-13,23.87,45,broken clouds
Goa,2024-12-14,21.88,42,broken clouds
Goa,2024-12-14,25.09,48,few clouds
Goa,2024-12-14,31.81,31,clear sky
Goa,2024-12-14,34.02,29,clear sky
Goa,2024-12-14,29.93,42,clear sky
Goa,2024-12-14,24.66,45,clear sky
Goa,2024-12-14,22.64,42,few clouds
Goa,2024-12-14,21.09,44,scattered clouds
Goa,2024-12-15,20.27,52,scattered clouds
Goa,2024-12-15,23.86,53,clear sky
Goa,2024-12-15,31.98,27,clear sky
Goa,2024-12-15,34.79,20,clear sky
Goa,2024-12-15,28.68,40,clear sky
Goa,2024-12-15,22.1,52,broken clouds
Goa,2024-12-15,20.15,41,broken clouds
Goa,2024-12-15,18.46,44,broken clouds
Goa,2024-12-16,17.62,48,scattered clouds
Goa,2024-12-16,21.82,46,few clouds
Goa,2024-12-16,31.37,20,broken clouds
Goa,2024-12-16,34.91,13,overcast clouds
Goa,2024-12-16,26.34,40,overcast clouds
Goa,2024-12-16,20.96,52,overcast clouds
Goa,2024-12-16,19.4,39,overcast clouds
Goa,2024-12-16,18.15,38,broken clouds
Goa,2024-12-17,16.91,41,broken clouds
Goa,2024-12-17,21.14,41,scattered clouds
Goa,2024-12-17,30.63,22,broken clouds
Goa,2024-12-17,32.15,18,overcast clouds
Goa,2024-12-17,24.0,50,overcast clouds
Goa,2024-12-17,19.56,53,overcast clouds
Goa,2024-12-17,18.69,46,overcast clouds
Goa,2024-12-17,18.32,37,overcast clouds
Goa,2024-12-18,17.29,33,overcast clouds
Goa,2024-12-18,20.94,36,overcast clouds
Goa,2024-12-18,31.01,21,overcast clouds
Goa,2024-12-18,31.82,20,overcast clouds
Goa,2024-12-18,24.26,46,overcast clouds
Navi Mumbai,2024-12-13,26.97,47,few clouds
Navi Mumbai,2024-12-13,25.96,45,scattered clouds
Navi Mumbai,2024-12-13,23.9,42,scattered clouds
Navi Mumbai,2024-12-14,21.22,42,broken clouds
Navi Mumbai,2024-12-14,22.25,41,overcast clouds
Navi Mumbai,2024-12-14,28.54,33,broken clouds
Navi Mumbai,2024-12-14,31.16,29,scattered clouds
Navi Mumbai,2024-12-14,28.33,41,broken clouds
Navi Mumbai,2024-12-14,26.08,48,clear sky
Navi Mumbai,2024-12-14,24.28,45,clear sky
Navi Mumbai,2024-12-14,22.57,37,scattered clouds
Navi Mumbai,2024-12-15,21.15,38,broken clouds
Navi Mumbai,2024-12-15,22.14,35,scattered clouds
Navi Mumbai,2024-12-15,28.66,28,few clouds
Navi Mumbai,2024-12-15,30.58,26,clear sky
Navi Mumbai,2024-12-15,27.92,41,clear sky
Navi Mumbai,2024-12-15,25.75,47,clear sky
Navi Mumbai,2024-12-15,23.79,47,clear sky
Navi Mumbai,2024-12-15,22.35,36,clear sky
Navi Mumbai,2024-12-16,21.02,31,few clouds
Navi Mumbai,2024-12-16,22.04,30,scattered clouds
Navi Mumbai,2024-12-16,28.7,26,few clouds
Navi Mumbai,2024-12-16,30.24,25,clear sky
Navi Mumbai,2024-12-16,27.17,43,clear sky
Navi Mumbai,2024-12-16,24.85,51,clear sky
Navi Mumbai,2024-12-16,22.88,50,clear sky
Navi Mumbai,2024-12-16,21.85,42,clear sky
Navi Mumbai,2024-12-17,20.94,37,clear sky
Navi Mumbai,2024-12-17,22.45,30,few clouds
Navi Mumbai,2024-12-17,27.82,20,scattered clouds
Navi Mumbai,2024-12-17,28.67,29,scattered clouds
Navi Mumbai,2024-12-17,25.73,50,broken clouds
Navi Mumbai,2024-12-17,24.19,55,overcast clouds
Navi Mumbai,2024-12-17,22.24,54,overcast clouds
Navi Mumbai,2024-12-17,21.9,45,broken clouds
Navi Mumbai,2024-12-18,20.92,44,overcast clouds
Navi Mumbai,2024-12-18,22.13,34,overcast clouds
Navi Mumbai,2024-12-18,27.85,22,broken clouds
Navi Mumbai,2024-12-18,27.55,31,scattered clouds
Navi Mumbai,2024-12-18,25.4,49,broken clouds
Patiala,2024-12-13,13.54,21,overcast clouds
Patiala,2024-12-13,12.68,23,broken clouds
Patiala,2024-12-13,10.79,27,scattered clouds
Patiala,2024-12-14,8.63,31,clear sky
Patiala,2024-12-14,10.55,28,clear sky
Patiala,2024-12-14,20.2,13,clear sky
Patiala,2024-12-14,23.41,9,clear sky
Patiala,2024-12-14,17.45,13,clear sky
Patiala,2024-12-14,14.02,17,clear sky
Patiala,2024-12-14,11.95,21,clear sky
Patiala,2024-12-14,10.42,22,clear sky
Patiala,2024-12-15,9.41,22,clear sky
Patiala,2024-12-15,10.92,21,clear sky
Patiala,2024-12-15,20.11,11,clear sky
Patiala,2024-12-15,23.88,8,clear sky
Patiala,2024-12-15,17.74,11,clear sky
Patiala,2024-12-15,13.76,13,clear sky
Patiala,2024-12-15,11.63,16,clear sky
Patiala,2024-12-15,10.26,19,clear sky
Patiala,2024-12-16,9.08,19,clear sky
Patiala,2024-12-16,11.48,19,clear sky
Patiala,2024-12-16,20.23,11,clear sky
Patiala,2024-12-16,23.5,8,clear sky
Patiala,2024-12-16,16.92,12,clear sky
Patiala,2024-12-16,14.29,14,clear sky
Patiala,2024-12-16,12.19,16,clear sky
Patiala,2024-12-16,10.75,24,clear sky
Patiala,2024-12-17,9.72,32,clear sky
Patiala,2024-12-17,11.84,33,clear sky
Patiala,2024-12-17,20.8,17,clear sky
Patiala,2024-12-17,23.62,12,clear sky
Patiala,2024-12-17,17.56,14,clear sky
Patiala,2024-12-17,14.03,15,clear sky
Patiala,2024-12-17,11.94,24,clear sky
Patiala,2024-12-17,10.71,25,clear sky
Patiala,2024-12-18,9.39,26,clear sky
Patiala,2024-12-18,11.17,25,clear sky
Patiala,2024-12-18,20.49,16,clear sky
Patiala,2024-12-18,23.84,11,clear sky
Patiala,2024-12-18,17.42,14,clear sky
Jodhpur,2024-12-13,15.8,14,clear sky
Jodhpur,2024-12-13,14.99,15,clear sky
Jodhpur,2024-12-13,13.07,17,clear sky
Jodhpur,2024-12-14,10.72,20,clear sky
Jodhpur,2024-12-14,11.74,20,clear sky
Jodhpur,2024-12-14,20.4,10,clear sky
Jodhpur,2024-12-14,24.16,7,clear sky
Jodhpur,2024-12-14,20.44,10,clear sky
Jodhpur,2024-12-14,16.78,12,clear sky
Jodhpur,2024-12-14,14.46,13,clear sky
Jodhpur,2024-12-14,12.88,15,clear sky
Jodhpur,2024-12-15,11.82,16,clear sky
Jodhpur,2024-12-15,12.99,16,clear sky
Jodhpur,2024-12-15,21.9,9,clear sky
Jodhpur,2024-12-15,25.73,7,clear sky
Jodhpur,2024-12-15,21.68,9,clear sky
Jodhpur,2024-12-15,18.26,11,clear sky
Jodhpur,2024-12-15,15.73,13,clear sky
Jodhpur,2024-12-15,14.09,14,clear sky
Jodhpur,2024-12-16,13.04,15,clear sky
Jodhpur,2024-12-16,14.73,16,clear sky
Jodhpur,2024-12-16,22.96,10,clear sky
Jodhpur,2024-12-16,26.15,8,clear sky
Jodhpur,2024-12-16,20.41,13,clear sky
Jodhpur,2024-12-16,17.25,14,clear sky
Jodhpur,2024-12-16,15.44,16,clear sky
Jodhpur,2024-12-16,14.27,17,clear sky
Jodhpur,2024-12-17,12.68,19,clear sky
Jodhpur,2024-12-17,16.08,18,clear sky
Jodhpur,2024-12-17,23.49,10,clear sky
Jodhpur,2024-12-17,26.4,7,clear sky
Jodhpur,2024-12-17,22.4,9,clear sky
Jodhpur,2024-12-17,17.68,12,clear sky
Jodhpur,2024-12-17,15.51,12,clear sky
Jodhpur,2024-12-17,13.54,13,clear sky
Jodhpur,2024-12-18,11.85,17,clear sky
Jodhpur,2024-12-18,12.86,19,clear sky
Jodhpur,2024-12-18,21.36,12,clear sky
Jodhpur,2024-12-18,24.33,10,clear sky
Jodhpur,2024-12-18,20.3,13,clear sky
Mangalore,2024-12-13,28.48,74,light rain
Mangalore,2024-12-13,27.56,77,light rain
Mangalore,2024-12-13,26.24,79,overcast clouds
Mangalore,2024-12-14,24.58,82,overcast clouds
Mangalore,2024-12-14,25.68,77,broken clouds
Mangalore,2024-12-14,29.5,61,scattered clouds
Mangalore,2024-12-14,29.88,64,scattered clouds
Mangalore,2024-12-14,27.9,76,scattered clouds
Mangalore,2024-12-14,27.02,80,few clouds
Mangalore,2024-12-14,26.21,82,clear sky
Mangalore,2024-12-14,24.49,81,clear sky
Mangalore,2024-12-15,23.42,72,clear sky
Mangalore,2024-12-15,24.69,69,clear sky
Mangalore,2024-12-15,29.09,51,scattered clouds
Mangalore,2024-12-15,29.95,52,few clouds
Mangalore,2024-12-15,27.42,71,few clouds
Mangalore,2024-12-15,26.43,73,overcast clouds
Mangalore,2024-12-15,25.18,80,broken clouds
Mangalore,2024-12-15,23.09,79,overcast clouds
Mangalore,2024-12-16,22.27,69,broken clouds
Mangalore,2024-12-16,23.42,69,overcast clouds
Mangalore,2024-12-16,27.86,49,overcast clouds
Mangalore,2024-12-16,29.08,47,overcast clouds
Mangalore,2024-12-16,26.36,66,overcast clouds
Mangalore,2024-12-16,25.61,66,overcast clouds
Mangalore,2024-12-16,24.14,74,overcast clouds
Mangalore,2024-12-16,22.53,75,overcast clouds
Mangalore,2024-12-17,21.79,62,overcast clouds
Mangalore,2024-12-17,22.07,62,overcast clouds
Mangalore,2024-12-17,24.04,56,overcast clouds
Mangalore,2024-12-17,26.18,50,overcast clouds
Mangalore,2024-12-17,25.32,60,overcast clouds
Mangalore,2024-12-17,24.43,62,overcast clouds
Mangalore,2024-12-17,22.96,69,overcast clouds
Mangalore,2024-12-17,21.85,72,overcast clouds
Mangalore,2024-12-18,21.35,70,overcast clouds
Mangalore,2024-12-18,22.99,61,overcast clouds
Mangalore,2024-12-18,25.43,53,overcast clouds
Mangalore,2024-12-18,27.03,50,overcast clouds
Mangalore,2024-12-18,25.77,57,overcast clouds
Raipur,2024-12-13,18.08,45,broken clouds
Raipur,2024-12-13,17.56,41,broken clouds
Raipur,2024-12-13,15.39,31,broken clouds
Raipur,2024-12-14,12.25,28,scattered clouds
Raipur,2024-12-14,16.38,24,clear sky
Raipur,2024-12-14,23.81,17,clear sky
Raipur,2024-12-14,26.44,15,clear sky
Raipur,2024-12-14,21.12,22,few clouds
Raipur,2024-12-14,18.28,25,scattered clouds
Raipur,2024-12-14,15.75,29,broken clouds
Raipur,2024-12-14,13.53,28,scattered clouds
Raipur,2024-12-15,11.8,30,scattered clouds
Raipur,2024-12-15,16.44,26,few clouds
Raipur,2024-12-15,24.15,16,clear sky
Raipur,2024-12-15,27.05,12,clear sky
Raipur,2024-12-15,21.6,17,clear sky
Raipur,2024-12-15,18.07,21,few clouds
Raipur,2024-12-15,16.07,23,scattered clouds
Raipur,2024-12-15,13.69,27,overcast clouds
Raipur,2024-12-16,11.72,32,overcast clouds
Raipur,2024-12-16,16.01,28,broken clouds
Raipur,2024-12-16,23.81,19,broken clouds
Raipur,2024-12-16,26.84,14,scattered clouds
Raipur,2024-12-16,21.08,21,scattered clouds
Raipur,2024-12-16,17.8,24,overcast clouds
Raipur,2024-12-16,15.99,31,broken clouds
Raipur,2024-12-16,14.1,32,overcast clouds
Raipur,2024-12-17,12.37,34,overcast clouds
Raipur,2024-12-17,16.94,29,overcast clouds
Raipur,2024-12-17,24.23,20,overcast clouds
Raipur,2024-12-17,27.14,16,broken clouds
Raipur,2024-12-17,21.66,24,overcast clouds
Raipur,2024-12-17,19.1,27,broken clouds
Raipur,2024-12-17,17.42,30,overcast clouds
Raipur,2024-12-17,15.77,33,overcast clouds
Raipur,2024-12-18,14.03,36,overcast clouds
Raipur,2024-12-18,17.6,32,overcast clouds
Raipur,2024-12-18,24.28,21,overcast clouds
Raipur,2024-12-18,27.2,17,overcast clouds
Raipur,2024-12-18,21.67,25,overcast clouds
Udaipur,2024-12-13,10.5,24,clear sky
Udaipur,2024-12-13,10.47,25,clear sky
Udaipur,2024-12-13,9.67,27,clear sky
Udaipur,2024-12-14,8.42,28,clear sky
Udaipur,2024-12-14,11.36,23,clear sky
Udaipur,2024-12-14,19.36,14,clear sky
Udaipur,2024-12-14,23.03,11,clear sky
Udaipur,2024-12-14,18.09,18,clear sky
Udaipur,2024-12-14,13.45,19,clear sky
Udaipur,2024-12-14,11.82,21,clear sky
Udaipur,2024-12-14,11.45,21,clear sky
Udaipur,2024-12-15,10.87,20,clear sky
Udaipur,2024-12-15,14.17,20,clear sky
Udaipur,2024-12-15,21.98,11,clear sky
Udaipur,2024-12-15,25.12,9,clear sky
Udaipur,2024-12-15,19.79,16,clear sky
Udaipur,2024-12-15,15.37,17,clear sky
Udaipur,2024-12-15,13.07,21,clear sky
Udaipur,2024-12-15,12.24,22,clear sky
Udaipur,2024-12-16,11.83,22,clear sky
Udaipur,2024-12-16,15.71,23,clear sky
Udaipur,2024-12-16,22.99,13,clear sky
Udaipur,2024-12-16,25.89,10,clear sky
Udaipur,2024-12-16,20.92,18,clear sky
Udaipur,2024-12-16,16.54,21,clear sky
Udaipur,2024-12-16,14.72,24,clear sky
Udaipur,2024-12-16,13.29,27,clear sky
Udaipur,2024-12-17,13.25,28,clear sky
Udaipur,2024-12-17,17.28,25,clear sky
Udaipur,2024-12-17,24.33,15,clear sky
Udaipur,2024-12-17,27.0,12,clear sky
Udaipur,2024-12-17,20.86,18,clear sky
Udaipur,2024-12-17,15.47,16,clear sky
Udaipur,2024-12-17,14.17,16,clear sky
Udaipur,2024-12-17,12.74,18,clear sky
Udaipur,2024-12-18,11.24,20,clear sky
Udaipur,2024-12-18,13.76,22,clear sky
Udaipur,2024-12-18,21.44,15,clear sky
Udaipur,2024-12-18,24.02,12,clear sky
Udaipur,2024-12-18,19.65,18,clear sky
Aligarh,2024-12-13,14.25,21,broken clouds
Aligarh,2024-12-13,13.61,22,scattered clouds
Aligarh,2024-12-13,12.02,24,few clouds
Aligarh,2024-12-14,9.86,27,clear sky
Aligarh,2024-12-14,11.86,30,clear sky
Aligarh,2024-12-14,19.88,18,clear sky
Aligarh,2024-12-14,23.1,13,clear sky
Aligarh,2024-12-14,17.11,20,clear sky
Aligarh,2024-12-14,14.51,21,clear sky
Aligarh,2024-12-14,13.22,21,clear sky
Aligarh,2024-12-14,11.9,21,clear sky
Aligarh,2024-12-15,10.63,21,clear sky
Aligarh,2024-12-15,12.4,23,clear sky
Aligarh,2024-12-15,19.89,15,clear sky
Aligarh,2024-12-15,23.02,13,clear sky
Aligarh,2024-12-15,17.37,19,clear sky
Aligarh,2024-12-15,14.33,19,clear sky
Aligarh,2024-12-15,13.0,20,clear sky
Aligarh,2024-12-15,11.85,21,clear sky
Aligarh,2024-12-16,10.61,23,clear sky
Aligarh,2024-12-16,13.06,25,clear sky
Aligarh,2024-12-16,20.71,16,clear sky
Aligarh,2024-12-16,23.57,13,clear sky
Aligarh,2024-12-16,17.67,21,clear sky
Aligarh,2024-12-16,14.98,25,clear sky
Aligarh,2024-12-16,13.61,29,clear sky
Aligarh,2024-12-16,12.44,33,clear sky
Aligarh,2024-12-17,11.35,36,clear sky
Aligarh,2024-12-17,14.14,35,clear sky
Aligarh,2024-12-17,21.34,24,clear sky
Aligarh,2024-12-17,23.92,19,clear sky
Aligarh,2024-12-17,18.27,26,clear sky
Aligarh,2024-12-17,15.58,29,clear sky
Aligarh,2024-12-17,14.11,32,clear sky
Aligarh,2024-12-17,12.93,37,clear sky
Aligarh,2024-12-18,11.65,41,clear sky
Aligarh,2024-12-18,13.75,41,clear sky
Aligarh,2024-12-18,21.18,25,clear sky
Aligarh,2024-12-18,23.61,18,clear sky
Aligarh,2024-12-18,17.65,25,clear sky
Shivpuri,2024-12-13,12.4,27,clear sky
Shivpuri,2024-12-13,11.98,28,clear sky
Shivpuri,2024-12-13,10.8,27,clear sky
Shivpuri,2024-12-14,8.95,25,clear sky
Shivpuri,2024-12-14,12.46,25,clear sky
Shivpuri,2024-12-14,19.81,16,clear sky
Shivpuri,2024-12-14,22.6,14,clear sky
Shivpuri,2024-12-14,16.37,23,clear sky
Shivpuri,2024-12-14,13.76,23,clear sky
Shivpuri,2024-12-14,12.51,23,clear sky
Shivpuri,2024-12-14,11.81,23,clear sky
Shivpuri,2024-12-15,10.69,25,clear sky
Shivpuri,2024-12-15,14.3,24,clear sky
Shivpuri,2024-12-15,21.47,14,clear sky
Shivpuri,2024-12-15,23.83,12,clear sky
Shivpuri,2024-12-15,17.47,21,clear sky
Shivpuri,2024-12-15,14.03,24,clear sky
Shivpuri,2024-12-15,12.41,26,clear sky
Shivpuri,2024-12-15,11.45,26,clear sky
Shivpuri,2024-12-16,10.52,27,clear sky
Shivpuri,2024-12-16,14.12,26,clear sky
Shivpuri,2024-12-16,21.55,16,clear sky
Shivpuri,2024-12-16,23.8,14,clear sky
Shivpuri,2024-12-16,17.27,24,clear sky
Shivpuri,2024-12-16,14.1,27,clear sky
Shivpuri,2024-12-16,12.49,30,clear sky
Shivpuri,2024-12-16,11.39,32,clear sky
Shivpuri,2024-12-17,10.49,32,clear sky
Shivpuri,2024-12-17,14.21,29,clear sky
Shivpuri,2024-12-17,21.73,18,clear sky
Shivpuri,2024-12-17,24.27,14,clear sky
Shivpuri,2024-12-17,18.25,24,clear sky
Shivpuri,2024-12-17,14.94,26,clear sky
Shivpuri,2024-12-17,13.17,30,clear sky
Shivpuri,2024-12-17,12.05,33,clear sky
Shivpuri,2024-12-18,11.04,34,clear sky
Shivpuri,2024-12-18,14.65,31,clear sky
Shivpuri,2024-12-18,21.74,18,clear sky
Shivpuri,2024-12-18,23.38,16,clear sky
Shivpuri,2024-12-18,17.43,26,clear sky
Kollam,2024-12-13,26.49,82,broken clouds
Kollam,2024-12-13,26.27,83,broken clouds
Kollam,2024-12-13,25.74,84,light rain
Kollam,2024-12-14,25.26,84,broken clouds
Kollam,2024-12-14,26.78,76,broken clouds
Kollam,2024-12-14,29.19,68,broken clouds
Kollam,2024-12-14,29.21,68,light rain
Kollam,2024-12-14,28.2,74,light rain
Kollam,2024-12-14,27.42,77,light rain
Kollam,2024-12-14,26.13,79,light rain
Kollam,2024-12-14,25.0,81,overcast clouds
Kollam,2024-12-15,24.53,82,broken clouds
Kollam,2024-12-15,25.57,74,broken clouds
Kollam,2024-12-15,29.27,60,broken clouds
Kollam,2024-12-15,28.4,74,broken clouds
Kollam,2024-12-15,28.04,76,light rain
Kollam,2024-12-15,27.32,77,light rain
Kollam,2024-12-15,25.5,74,broken clouds
Kollam,2024-12-15,25.11,70,overcast clouds
Kollam,2024-12-16,24.23,72,overcast clouds
Kollam,2024-12-16,24.97,70,overcast clouds
Kollam,2024-12-16,27.47,63,overcast clouds
Kollam,2024-12-16,27.32,67,overcast clouds
Kollam,2024-12-16,27.11,71,overcast clouds
Kollam,2024-12-16,26.59,72,overcast clouds
Kollam,2024-12-16,25.96,76,overcast clouds
Kollam,2024-12-16,25.16,79,overcast clouds
Kollam,2024-12-17,23.71,86,overcast clouds
Kollam,2024-12-17,24.69,82,overcast clouds
Kollam,2024-12-17,27.53,67,overcast clouds
Kollam,2024-12-17,27.11,68,broken clouds
Kollam,2024-12-17,26.91,68,overcast clouds
Kollam,2024-12-17,26.33,66,overcast clouds
Kollam,2024-12-17,24.59,75,overcast clouds
Kollam,2024-12-17,23.67,80,overcast clouds
Kollam,2024-12-18,22.71,83,overcast clouds
Kollam,2024-12-18,23.78,75,overcast clouds
Kollam,2024-12-18,27.09,62,broken clouds
Kollam,2024-12-18,27.11,66,broken clouds
Kollam,2024-12-18,27.05,66,broken clouds
